
ComunicacionSimuCinta.elf:     file format elf32-avr

Sections:
Idx Name          Size      VMA       LMA       File off  Algn
  0 .data         000000fe  00800100  00001622  000016b6  2**0
                  CONTENTS, ALLOC, LOAD, DATA
  1 .text         00001622  00000000  00000000  00000094  2**1
                  CONTENTS, ALLOC, LOAD, READONLY, CODE
  2 .bss          000002ad  008001fe  008001fe  000017b4  2**0
                  ALLOC
  3 .comment      00000030  00000000  00000000  000017b4  2**0
                  CONTENTS, READONLY
  4 .note.gnu.avr.deviceinfo 00000040  00000000  00000000  000017e4  2**2
                  CONTENTS, READONLY
  5 .debug_aranges 00000208  00000000  00000000  00001824  2**0
                  CONTENTS, READONLY, DEBUGGING
  6 .debug_info   0000283f  00000000  00000000  00001a2c  2**0
                  CONTENTS, READONLY, DEBUGGING
  7 .debug_abbrev 00000d6b  00000000  00000000  0000426b  2**0
                  CONTENTS, READONLY, DEBUGGING
  8 .debug_line   000017a8  00000000  00000000  00004fd6  2**0
                  CONTENTS, READONLY, DEBUGGING
  9 .debug_frame  0000055c  00000000  00000000  00006780  2**2
                  CONTENTS, READONLY, DEBUGGING
 10 .debug_str    00000d55  00000000  00000000  00006cdc  2**0
                  CONTENTS, READONLY, DEBUGGING
 11 .debug_loc    00001024  00000000  00000000  00007a31  2**0
                  CONTENTS, READONLY, DEBUGGING
 12 .debug_ranges 00000200  00000000  00000000  00008a55  2**0
                  CONTENTS, READONLY, DEBUGGING

Disassembly of section .text:

00000000 <__vectors>:
       0:	0c 94 3d 00 	jmp	0x7a	; 0x7a <__ctors_end>
       4:	0c 94 5a 00 	jmp	0xb4	; 0xb4 <__bad_interrupt>
       8:	0c 94 5a 00 	jmp	0xb4	; 0xb4 <__bad_interrupt>
       c:	0c 94 5a 00 	jmp	0xb4	; 0xb4 <__bad_interrupt>
      10:	0c 94 5a 00 	jmp	0xb4	; 0xb4 <__bad_interrupt>
      14:	0c 94 5a 00 	jmp	0xb4	; 0xb4 <__bad_interrupt>
      18:	0c 94 5a 00 	jmp	0xb4	; 0xb4 <__bad_interrupt>
      1c:	0c 94 5a 00 	jmp	0xb4	; 0xb4 <__bad_interrupt>
      20:	0c 94 5a 00 	jmp	0xb4	; 0xb4 <__bad_interrupt>
      24:	0c 94 5a 00 	jmp	0xb4	; 0xb4 <__bad_interrupt>
      28:	0c 94 5a 00 	jmp	0xb4	; 0xb4 <__bad_interrupt>
      2c:	0c 94 2c 0a 	jmp	0x1458	; 0x1458 <__vector_11>
      30:	0c 94 5a 00 	jmp	0xb4	; 0xb4 <__bad_interrupt>
      34:	0c 94 8e 07 	jmp	0xf1c	; 0xf1c <__vector_13>
      38:	0c 94 69 07 	jmp	0xed2	; 0xed2 <__vector_14>
      3c:	0c 94 5a 00 	jmp	0xb4	; 0xb4 <__bad_interrupt>
      40:	0c 94 5a 00 	jmp	0xb4	; 0xb4 <__bad_interrupt>
      44:	0c 94 5a 00 	jmp	0xb4	; 0xb4 <__bad_interrupt>
      48:	0c 94 d8 08 	jmp	0x11b0	; 0x11b0 <__vector_18>
      4c:	0c 94 01 09 	jmp	0x1202	; 0x1202 <__vector_19>
      50:	0c 94 5a 00 	jmp	0xb4	; 0xb4 <__bad_interrupt>
      54:	0c 94 5a 00 	jmp	0xb4	; 0xb4 <__bad_interrupt>
      58:	0c 94 5a 00 	jmp	0xb4	; 0xb4 <__bad_interrupt>
      5c:	0c 94 5a 00 	jmp	0xb4	; 0xb4 <__bad_interrupt>
      60:	0c 94 5a 00 	jmp	0xb4	; 0xb4 <__bad_interrupt>
      64:	0c 94 5a 00 	jmp	0xb4	; 0xb4 <__bad_interrupt>
      68:	4a 09       	sbc	r20, r10
      6a:	53 09       	sbc	r21, r3
      6c:	61 09       	sbc	r22, r1
      6e:	6f 09       	sbc	r22, r15
      70:	7d 09       	sbc	r23, r13
      72:	88 09       	sbc	r24, r8
      74:	96 09       	sbc	r25, r6
      76:	b0 09       	sbc	r27, r0
      78:	c9 09       	sbc	r28, r9

0000007a <__ctors_end>:
      7a:	11 24       	eor	r1, r1
      7c:	1f be       	out	0x3f, r1	; 63
      7e:	cf ef       	ldi	r28, 0xFF	; 255
      80:	d8 e0       	ldi	r29, 0x08	; 8
      82:	de bf       	out	0x3e, r29	; 62
      84:	cd bf       	out	0x3d, r28	; 61

00000086 <__do_copy_data>:
      86:	11 e0       	ldi	r17, 0x01	; 1
      88:	a0 e0       	ldi	r26, 0x00	; 0
      8a:	b1 e0       	ldi	r27, 0x01	; 1
      8c:	e2 e2       	ldi	r30, 0x22	; 34
      8e:	f6 e1       	ldi	r31, 0x16	; 22
      90:	02 c0       	rjmp	.+4      	; 0x96 <__do_copy_data+0x10>
      92:	05 90       	lpm	r0, Z+
      94:	0d 92       	st	X+, r0
      96:	ae 3f       	cpi	r26, 0xFE	; 254
      98:	b1 07       	cpc	r27, r17
      9a:	d9 f7       	brne	.-10     	; 0x92 <__do_copy_data+0xc>

0000009c <__do_clear_bss>:
      9c:	24 e0       	ldi	r18, 0x04	; 4
      9e:	ae ef       	ldi	r26, 0xFE	; 254
      a0:	b1 e0       	ldi	r27, 0x01	; 1
      a2:	01 c0       	rjmp	.+2      	; 0xa6 <.do_clear_bss_start>

000000a4 <.do_clear_bss_loop>:
      a4:	1d 92       	st	X+, r1

000000a6 <.do_clear_bss_start>:
      a6:	ab 3a       	cpi	r26, 0xAB	; 171
      a8:	b2 07       	cpc	r27, r18
      aa:	e1 f7       	brne	.-8      	; 0xa4 <.do_clear_bss_loop>
      ac:	0e 94 98 07 	call	0xf30	; 0xf30 <main>
      b0:	0c 94 0f 0b 	jmp	0x161e	; 0x161e <_exit>

000000b4 <__bad_interrupt>:
      b4:	0c 94 00 00 	jmp	0	; 0x0 <__vectors>

000000b8 <TCRT5000_Init>:
#include "TCRT5000.h"

/*
 * Inicializa los pines según el modo elegido en la estructura.
 */
void TCRT5000_Init(TCRT5000_t *sensor) {
      b8:	fc 01       	movw	r30, r24
    if (sensor->mode == TCRT_DIGITAL) {
      ba:	80 81       	ld	r24, Z
      bc:	81 11       	cpse	r24, r1
      be:	12 c0       	rjmp	.+36     	; 0xe4 <TCRT5000_Init+0x2c>
        // Configuramos el pin digital como ENTRADA
        // Para saber qué DDR es, hacemos aritmética de punteros (DDR = PIN + 1 en AVR)
        volatile uint8_t *ddr_reg = sensor->pin_reg + 1;
      c0:	a1 81       	ldd	r26, Z+1	; 0x01
      c2:	b2 81       	ldd	r27, Z+2	; 0x02
        *ddr_reg &= ~(1 << sensor->pin_num);
      c4:	11 96       	adiw	r26, 0x01	; 1
      c6:	2c 91       	ld	r18, X
      c8:	11 97       	sbiw	r26, 0x01	; 1
      ca:	81 e0       	ldi	r24, 0x01	; 1
      cc:	90 e0       	ldi	r25, 0x00	; 0
      ce:	03 80       	ldd	r0, Z+3	; 0x03
      d0:	02 c0       	rjmp	.+4      	; 0xd6 <TCRT5000_Init+0x1e>
      d2:	88 0f       	add	r24, r24
      d4:	99 1f       	adc	r25, r25
      d6:	0a 94       	dec	r0
      d8:	e2 f7       	brpl	.-8      	; 0xd2 <TCRT5000_Init+0x1a>
      da:	80 95       	com	r24
      dc:	82 23       	and	r24, r18
      de:	11 96       	adiw	r26, 0x01	; 1
      e0:	8c 93       	st	X, r24
      e2:	08 95       	ret
        
        // Opcional: Activar resistencia Pull-Up interna
        // volatile uint8_t *port_reg = sensor->pin_reg + 2;
        // *port_reg |= (1 << sensor->pin_num);
    } 
    else if (sensor->mode == TCRT_ANALOG) {
      e4:	81 30       	cpi	r24, 0x01	; 1
      e6:	c9 f4       	brne	.+50     	; 0x11a <TCRT5000_Init+0x62>
        // Los pines analógicos (PC0-PC5) como entrada
        DDRC &= ~(1 << sensor->adc_channel);
      e8:	37 b1       	in	r19, 0x07	; 7
      ea:	81 e0       	ldi	r24, 0x01	; 1
      ec:	90 e0       	ldi	r25, 0x00	; 0
      ee:	ac 01       	movw	r20, r24
      f0:	04 80       	ldd	r0, Z+4	; 0x04
      f2:	02 c0       	rjmp	.+4      	; 0xf8 <TCRT5000_Init+0x40>
      f4:	44 0f       	add	r20, r20
      f6:	55 1f       	adc	r21, r21
      f8:	0a 94       	dec	r0
      fa:	e2 f7       	brpl	.-8      	; 0xf4 <TCRT5000_Init+0x3c>
      fc:	24 2f       	mov	r18, r20
      fe:	20 95       	com	r18
     100:	23 23       	and	r18, r19
     102:	27 b9       	out	0x07, r18	; 7
        
        // Deshabilitar el buffer digital para ahorrar energía en ese pin
        DIDR0 |= (1 << sensor->adc_channel);
     104:	ae e7       	ldi	r26, 0x7E	; 126
     106:	b0 e0       	ldi	r27, 0x00	; 0
     108:	2c 91       	ld	r18, X
     10a:	04 80       	ldd	r0, Z+4	; 0x04
     10c:	02 c0       	rjmp	.+4      	; 0x112 <TCRT5000_Init+0x5a>
     10e:	88 0f       	add	r24, r24
     110:	99 1f       	adc	r25, r25
     112:	0a 94       	dec	r0
     114:	e2 f7       	brpl	.-8      	; 0x10e <TCRT5000_Init+0x56>
     116:	82 2b       	or	r24, r18
     118:	8c 93       	st	X, r24
     11a:	08 95       	ret

0000011c <TCRT5000_ReadDigital>:

/*
 * Retorna el estado digital del módulo PCB (0 o 1).
 * Nota: Los módulos con LM393 suelen dar 0 (LOW) cuando detectan un objeto (reflejo).
 */
uint8_t TCRT5000_ReadDigital(TCRT5000_t *sensor) {
     11c:	fc 01       	movw	r30, r24
    if (sensor->mode != TCRT_DIGITAL) return 0;
     11e:	80 81       	ld	r24, Z
     120:	81 11       	cpse	r24, r1
     122:	0f c0       	rjmp	.+30     	; 0x142 <TCRT5000_ReadDigital+0x26>
    
    if (*(sensor->pin_reg) & (1 << sensor->pin_num)) {
     124:	a1 81       	ldd	r26, Z+1	; 0x01
     126:	b2 81       	ldd	r27, Z+2	; 0x02
     128:	2c 91       	ld	r18, X
     12a:	30 e0       	ldi	r19, 0x00	; 0
     12c:	c9 01       	movw	r24, r18
     12e:	03 80       	ldd	r0, Z+3	; 0x03
     130:	02 c0       	rjmp	.+4      	; 0x136 <TCRT5000_ReadDigital+0x1a>
     132:	95 95       	asr	r25
     134:	87 95       	ror	r24
     136:	0a 94       	dec	r0
     138:	e2 f7       	brpl	.-8      	; 0x132 <TCRT5000_ReadDigital+0x16>
     13a:	80 ff       	sbrs	r24, 0
     13c:	04 c0       	rjmp	.+8      	; 0x146 <TCRT5000_ReadDigital+0x2a>
        return 1; // Pin en ALTO
     13e:	81 e0       	ldi	r24, 0x01	; 1
     140:	08 95       	ret
/*
 * Retorna el estado digital del módulo PCB (0 o 1).
 * Nota: Los módulos con LM393 suelen dar 0 (LOW) cuando detectan un objeto (reflejo).
 */
uint8_t TCRT5000_ReadDigital(TCRT5000_t *sensor) {
    if (sensor->mode != TCRT_DIGITAL) return 0;
     142:	80 e0       	ldi	r24, 0x00	; 0
     144:	08 95       	ret
    
    if (*(sensor->pin_reg) & (1 << sensor->pin_num)) {
        return 1; // Pin en ALTO
    } else {
        return 0; // Pin en BAJO
     146:	80 e0       	ldi	r24, 0x00	; 0
    }
}
     148:	08 95       	ret

0000014a <HCSR04_Process>:
#include "HCSR04.h"

void HCSR04_Process(HCSR04_Config_t *config) {
     14a:	0f 93       	push	r16
     14c:	1f 93       	push	r17
     14e:	cf 93       	push	r28
     150:	df 93       	push	r29
     152:	ec 01       	movw	r28, r24
	switch (config->state) {
     154:	8e 81       	ldd	r24, Y+6	; 0x06
     156:	82 30       	cpi	r24, 0x02	; 2
     158:	b9 f0       	breq	.+46     	; 0x188 <HCSR04_Process+0x3e>
     15a:	18 f4       	brcc	.+6      	; 0x162 <HCSR04_Process+0x18>
     15c:	81 30       	cpi	r24, 0x01	; 1
     15e:	31 f0       	breq	.+12     	; 0x16c <HCSR04_Process+0x22>
     160:	54 c0       	rjmp	.+168    	; 0x20a <HCSR04_Process+0xc0>
     162:	83 30       	cpi	r24, 0x03	; 3
     164:	49 f1       	breq	.+82     	; 0x1b8 <HCSR04_Process+0x6e>
     166:	84 30       	cpi	r24, 0x04	; 4
     168:	b1 f1       	breq	.+108    	; 0x1d6 <HCSR04_Process+0x8c>
     16a:	4f c0       	rjmp	.+158    	; 0x20a <HCSR04_Process+0xc0>
		case HCSR_IDLE:
		break;

		case HCSR_TRIG_START:
			config->trigger_write(1);
     16c:	e8 81       	ld	r30, Y
     16e:	f9 81       	ldd	r31, Y+1	; 0x01
     170:	81 e0       	ldi	r24, 0x01	; 1
     172:	09 95       	icall
			config->t_ref = config->get_us();
     174:	ec 81       	ldd	r30, Y+4	; 0x04
     176:	fd 81       	ldd	r31, Y+5	; 0x05
     178:	09 95       	icall
     17a:	6f 83       	std	Y+7, r22	; 0x07
     17c:	78 87       	std	Y+8, r23	; 0x08
     17e:	89 87       	std	Y+9, r24	; 0x09
     180:	9a 87       	std	Y+10, r25	; 0x0a
			config->state = HCSR_TRIG_WAIT;
     182:	82 e0       	ldi	r24, 0x02	; 2
     184:	8e 83       	std	Y+6, r24	; 0x06
		break;
     186:	41 c0       	rjmp	.+130    	; 0x20a <HCSR04_Process+0xc0>

		case HCSR_TRIG_WAIT:
			if ((config->get_us() - config->t_ref) >= 10) { // Pasaron los 10us
     188:	ec 81       	ldd	r30, Y+4	; 0x04
     18a:	fd 81       	ldd	r31, Y+5	; 0x05
     18c:	09 95       	icall
     18e:	0f 81       	ldd	r16, Y+7	; 0x07
     190:	18 85       	ldd	r17, Y+8	; 0x08
     192:	29 85       	ldd	r18, Y+9	; 0x09
     194:	3a 85       	ldd	r19, Y+10	; 0x0a
     196:	dc 01       	movw	r26, r24
     198:	cb 01       	movw	r24, r22
     19a:	80 1b       	sub	r24, r16
     19c:	91 0b       	sbc	r25, r17
     19e:	a2 0b       	sbc	r26, r18
     1a0:	b3 0b       	sbc	r27, r19
     1a2:	0a 97       	sbiw	r24, 0x0a	; 10
     1a4:	a1 05       	cpc	r26, r1
     1a6:	b1 05       	cpc	r27, r1
     1a8:	80 f1       	brcs	.+96     	; 0x20a <HCSR04_Process+0xc0>
				config->trigger_write(0);
     1aa:	e8 81       	ld	r30, Y
     1ac:	f9 81       	ldd	r31, Y+1	; 0x01
     1ae:	80 e0       	ldi	r24, 0x00	; 0
     1b0:	09 95       	icall
				config->state = HCSR_ECHO_WAIT_HIGH;
     1b2:	83 e0       	ldi	r24, 0x03	; 3
     1b4:	8e 83       	std	Y+6, r24	; 0x06
     1b6:	29 c0       	rjmp	.+82     	; 0x20a <HCSR04_Process+0xc0>
			}
		break;
		case HCSR_ECHO_WAIT_HIGH:
			if (config->echo_read() == 1) {
     1b8:	ea 81       	ldd	r30, Y+2	; 0x02
     1ba:	fb 81       	ldd	r31, Y+3	; 0x03
     1bc:	09 95       	icall
     1be:	81 30       	cpi	r24, 0x01	; 1
     1c0:	21 f5       	brne	.+72     	; 0x20a <HCSR04_Process+0xc0>
				config->t_ref = config->get_us();
     1c2:	ec 81       	ldd	r30, Y+4	; 0x04
     1c4:	fd 81       	ldd	r31, Y+5	; 0x05
     1c6:	09 95       	icall
     1c8:	6f 83       	std	Y+7, r22	; 0x07
     1ca:	78 87       	std	Y+8, r23	; 0x08
     1cc:	89 87       	std	Y+9, r24	; 0x09
     1ce:	9a 87       	std	Y+10, r25	; 0x0a
				config->state = HCSR_ECHO_WAIT_LOW;
     1d0:	84 e0       	ldi	r24, 0x04	; 4
     1d2:	8e 83       	std	Y+6, r24	; 0x06
     1d4:	1a c0       	rjmp	.+52     	; 0x20a <HCSR04_Process+0xc0>
			}
		break;

		case HCSR_ECHO_WAIT_LOW:
			if (config->echo_read() == 0){
     1d6:	ea 81       	ldd	r30, Y+2	; 0x02
     1d8:	fb 81       	ldd	r31, Y+3	; 0x03
     1da:	09 95       	icall
     1dc:	81 11       	cpse	r24, r1
     1de:	15 c0       	rjmp	.+42     	; 0x20a <HCSR04_Process+0xc0>
				uint32_t t_vuelo = config->get_us() - config->t_ref;
     1e0:	ec 81       	ldd	r30, Y+4	; 0x04
     1e2:	fd 81       	ldd	r31, Y+5	; 0x05
     1e4:	09 95       	icall
     1e6:	0f 81       	ldd	r16, Y+7	; 0x07
     1e8:	18 85       	ldd	r17, Y+8	; 0x08
     1ea:	29 85       	ldd	r18, Y+9	; 0x09
     1ec:	3a 85       	ldd	r19, Y+10	; 0x0a
     1ee:	60 1b       	sub	r22, r16
     1f0:	71 0b       	sbc	r23, r17
     1f2:	82 0b       	sbc	r24, r18
     1f4:	93 0b       	sbc	r25, r19
				config->distancia = (uint16_t)(t_vuelo / 58);
     1f6:	2a e3       	ldi	r18, 0x3A	; 58
     1f8:	30 e0       	ldi	r19, 0x00	; 0
     1fa:	40 e0       	ldi	r20, 0x00	; 0
     1fc:	50 e0       	ldi	r21, 0x00	; 0
     1fe:	0e 94 d8 0a 	call	0x15b0	; 0x15b0 <__udivmodsi4>
     202:	3c 87       	std	Y+12, r19	; 0x0c
     204:	2b 87       	std	Y+11, r18	; 0x0b
				config->state = HCSR_DATA_READY;
     206:	85 e0       	ldi	r24, 0x05	; 5
     208:	8e 83       	std	Y+6, r24	; 0x06

		case HCSR_DATA_READY:
		// Espera a que el main lea el dato y resetee a IDLE
		break;
	}
     20a:	df 91       	pop	r29
     20c:	cf 91       	pop	r28
     20e:	1f 91       	pop	r17
     210:	0f 91       	pop	r16
     212:	08 95       	ret

00000214 <Cmd_AckAlive>:

/* ============================================================
 * FUNCIÓN AUXILIAR
 * ============================================================ */
void TogglePin(volatile uint8_t *port, uint8_t pin) {
    *port ^= (1 << pin);
     214:	80 91 86 03 	lds	r24, 0x0386	; 0x800386 <Rx+0x105>
     218:	88 23       	and	r24, r24
     21a:	39 f0       	breq	.+14     	; 0x22a <Cmd_AckAlive+0x16>
     21c:	80 91 88 03 	lds	r24, 0x0388	; 0x800388 <Rx+0x107>
     220:	8d 30       	cpi	r24, 0x0D	; 13
     222:	19 f4       	brne	.+6      	; 0x22a <Cmd_AckAlive+0x16>
     224:	81 e0       	ldi	r24, 0x01	; 1
     226:	80 93 12 02 	sts	0x0212, r24	; 0x800212 <sys_state>
     22a:	08 95       	ret

0000022c <Cmd_ConfigCinta>:
     22c:	80 91 89 03 	lds	r24, 0x0389	; 0x800389 <Rx+0x108>
     230:	e7 e6       	ldi	r30, 0x67	; 103
     232:	f2 e0       	ldi	r31, 0x02	; 2
     234:	80 83       	st	Z, r24
     236:	80 91 8a 03 	lds	r24, 0x038A	; 0x80038a <Rx+0x109>
     23a:	81 83       	std	Z+1, r24	; 0x01
     23c:	80 91 8b 03 	lds	r24, 0x038B	; 0x80038b <Rx+0x10a>
     240:	82 83       	std	Z+2, r24	; 0x02
     242:	08 95       	ret

00000244 <Cmd_AckStop>:
     244:	81 e0       	ldi	r24, 0x01	; 1
     246:	80 93 12 02 	sts	0x0212, r24	; 0x800212 <sys_state>
     24a:	80 91 86 03 	lds	r24, 0x0386	; 0x800386 <Rx+0x105>
     24e:	88 23       	and	r24, r24
     250:	21 f0       	breq	.+8      	; 0x25a <Cmd_AckStop+0x16>
     252:	80 91 88 03 	lds	r24, 0x0388	; 0x800388 <Rx+0x107>
     256:	8d 30       	cpi	r24, 0x0D	; 13
     258:	19 f0       	breq	.+6      	; 0x260 <Cmd_AckStop+0x1c>
     25a:	81 e0       	ldi	r24, 0x01	; 1
     25c:	80 93 41 02 	sts	0x0241, r24	; 0x800241 <Ev+0xb>
     260:	08 95       	ret

00000262 <Cmd_Start>:
     262:	80 91 86 03 	lds	r24, 0x0386	; 0x800386 <Rx+0x105>
     266:	84 30       	cpi	r24, 0x04	; 4
     268:	78 f0       	brcs	.+30     	; 0x288 <Cmd_Start+0x26>
     26a:	80 91 89 03 	lds	r24, 0x0389	; 0x800389 <Rx+0x108>
     26e:	e7 e6       	ldi	r30, 0x67	; 103
     270:	f2 e0       	ldi	r31, 0x02	; 2
     272:	80 83       	st	Z, r24
     274:	80 91 8a 03 	lds	r24, 0x038A	; 0x80038a <Rx+0x109>
     278:	81 83       	std	Z+1, r24	; 0x01
     27a:	80 91 8b 03 	lds	r24, 0x038B	; 0x80038b <Rx+0x10a>
     27e:	82 83       	std	Z+2, r24	; 0x02
     280:	82 e0       	ldi	r24, 0x02	; 2
     282:	80 93 12 02 	sts	0x0212, r24	; 0x800212 <sys_state>
     286:	08 95       	ret
     288:	81 11       	cpse	r24, r1
     28a:	16 c0       	rjmp	.+44     	; 0x2b8 <Cmd_Start+0x56>
     28c:	80 91 67 02 	lds	r24, 0x0267	; 0x800267 <config_salidas>
     290:	88 23       	and	r24, r24
     292:	79 f0       	breq	.+30     	; 0x2b2 <Cmd_Start+0x50>
     294:	80 91 68 02 	lds	r24, 0x0268	; 0x800268 <config_salidas+0x1>
     298:	88 23       	and	r24, r24
     29a:	59 f0       	breq	.+22     	; 0x2b2 <Cmd_Start+0x50>
     29c:	80 91 69 02 	lds	r24, 0x0269	; 0x800269 <config_salidas+0x2>
     2a0:	88 23       	and	r24, r24
     2a2:	39 f0       	breq	.+14     	; 0x2b2 <Cmd_Start+0x50>
     2a4:	82 e0       	ldi	r24, 0x02	; 2
     2a6:	80 93 12 02 	sts	0x0212, r24	; 0x800212 <sys_state>
     2aa:	81 e0       	ldi	r24, 0x01	; 1
     2ac:	80 93 40 02 	sts	0x0240, r24	; 0x800240 <Ev+0xa>
     2b0:	08 95       	ret
     2b2:	81 e0       	ldi	r24, 0x01	; 1
     2b4:	80 93 45 02 	sts	0x0245, r24	; 0x800245 <Ev+0xf>
     2b8:	08 95       	ret

000002ba <Cmd_AckActuador>:
     2ba:	0f 93       	push	r16
     2bc:	1f 93       	push	r17
     2be:	80 91 86 03 	lds	r24, 0x0386	; 0x800386 <Rx+0x105>
     2c2:	81 30       	cpi	r24, 0x01	; 1
     2c4:	29 f4       	brne	.+10     	; 0x2d0 <Cmd_AckActuador+0x16>
     2c6:	90 91 88 03 	lds	r25, 0x0388	; 0x800388 <Rx+0x107>
     2ca:	9f 3f       	cpi	r25, 0xFF	; 255
     2cc:	09 f4       	brne	.+2      	; 0x2d0 <Cmd_AckActuador+0x16>
     2ce:	54 c0       	rjmp	.+168    	; 0x378 <Cmd_AckActuador+0xbe>
     2d0:	82 30       	cpi	r24, 0x02	; 2
     2d2:	08 f4       	brcc	.+2      	; 0x2d6 <Cmd_AckActuador+0x1c>
     2d4:	51 c0       	rjmp	.+162    	; 0x378 <Cmd_AckActuador+0xbe>
     2d6:	90 91 88 03 	lds	r25, 0x0388	; 0x800388 <Rx+0x107>
     2da:	60 91 89 03 	lds	r22, 0x0389	; 0x800389 <Rx+0x108>
     2de:	80 e0       	ldi	r24, 0x00	; 0
     2e0:	48 c0       	rjmp	.+144    	; 0x372 <Cmd_AckActuador+0xb8>
     2e2:	28 2f       	mov	r18, r24
     2e4:	30 e0       	ldi	r19, 0x00	; 0
     2e6:	49 2f       	mov	r20, r25
     2e8:	50 e0       	ldi	r21, 0x00	; 0
     2ea:	08 2e       	mov	r0, r24
     2ec:	02 c0       	rjmp	.+4      	; 0x2f2 <Cmd_AckActuador+0x38>
     2ee:	55 95       	asr	r21
     2f0:	47 95       	ror	r20
     2f2:	0a 94       	dec	r0
     2f4:	e2 f7       	brpl	.-8      	; 0x2ee <Cmd_AckActuador+0x34>
     2f6:	40 ff       	sbrs	r20, 0
     2f8:	3b c0       	rjmp	.+118    	; 0x370 <Cmd_AckActuador+0xb6>
     2fa:	46 2f       	mov	r20, r22
     2fc:	50 e0       	ldi	r21, 0x00	; 0
     2fe:	08 2e       	mov	r0, r24
     300:	02 c0       	rjmp	.+4      	; 0x306 <Cmd_AckActuador+0x4c>
     302:	55 95       	asr	r21
     304:	47 95       	ror	r20
     306:	0a 94       	dec	r0
     308:	e2 f7       	brpl	.-8      	; 0x302 <Cmd_AckActuador+0x48>
     30a:	40 ff       	sbrs	r20, 0
     30c:	19 c0       	rjmp	.+50     	; 0x340 <Cmd_AckActuador+0x86>
     30e:	f9 01       	movw	r30, r18
     310:	ee 0f       	add	r30, r30
     312:	ff 1f       	adc	r31, r31
     314:	ee 0f       	add	r30, r30
     316:	ff 1f       	adc	r31, r31
     318:	2e 0f       	add	r18, r30
     31a:	3f 1f       	adc	r19, r31
     31c:	f9 01       	movw	r30, r18
     31e:	e9 5d       	subi	r30, 0xD9	; 217
     320:	fd 4f       	sbci	r31, 0xFD	; 253
     322:	21 e0       	ldi	r18, 0x01	; 1
     324:	20 83       	st	Z, r18
     326:	00 91 0e 02 	lds	r16, 0x020E	; 0x80020e <tick_ms>
     32a:	10 91 0f 02 	lds	r17, 0x020F	; 0x80020f <tick_ms+0x1>
     32e:	20 91 10 02 	lds	r18, 0x0210	; 0x800210 <tick_ms+0x2>
     332:	30 91 11 02 	lds	r19, 0x0211	; 0x800211 <tick_ms+0x3>
     336:	01 83       	std	Z+1, r16	; 0x01
     338:	12 83       	std	Z+2, r17	; 0x02
     33a:	23 83       	std	Z+3, r18	; 0x03
     33c:	34 83       	std	Z+4, r19	; 0x04
     33e:	18 c0       	rjmp	.+48     	; 0x370 <Cmd_AckActuador+0xb6>
     340:	f9 01       	movw	r30, r18
     342:	ee 0f       	add	r30, r30
     344:	ff 1f       	adc	r31, r31
     346:	ee 0f       	add	r30, r30
     348:	ff 1f       	adc	r31, r31
     34a:	2e 0f       	add	r18, r30
     34c:	3f 1f       	adc	r19, r31
     34e:	f9 01       	movw	r30, r18
     350:	e9 5d       	subi	r30, 0xD9	; 217
     352:	fd 4f       	sbci	r31, 0xFD	; 253
     354:	23 e0       	ldi	r18, 0x03	; 3
     356:	20 83       	st	Z, r18
     358:	00 91 0e 02 	lds	r16, 0x020E	; 0x80020e <tick_ms>
     35c:	10 91 0f 02 	lds	r17, 0x020F	; 0x80020f <tick_ms+0x1>
     360:	20 91 10 02 	lds	r18, 0x0210	; 0x800210 <tick_ms+0x2>
     364:	30 91 11 02 	lds	r19, 0x0211	; 0x800211 <tick_ms+0x3>
     368:	01 83       	std	Z+1, r16	; 0x01
     36a:	12 83       	std	Z+2, r17	; 0x02
     36c:	23 83       	std	Z+3, r18	; 0x03
     36e:	34 83       	std	Z+4, r19	; 0x04
     370:	8f 5f       	subi	r24, 0xFF	; 255
     372:	83 30       	cpi	r24, 0x03	; 3
     374:	08 f4       	brcc	.+2      	; 0x378 <Cmd_AckActuador+0xbe>
     376:	b5 cf       	rjmp	.-150    	; 0x2e2 <Cmd_AckActuador+0x28>
     378:	1f 91       	pop	r17
     37a:	0f 91       	pop	r16
     37c:	08 95       	ret

0000037e <Cmd_AckVelocidad>:
     37e:	80 91 86 03 	lds	r24, 0x0386	; 0x800386 <Rx+0x105>
     382:	88 23       	and	r24, r24
     384:	49 f0       	breq	.+18     	; 0x398 <Cmd_AckVelocidad+0x1a>
     386:	82 30       	cpi	r24, 0x02	; 2
     388:	20 f0       	brcs	.+8      	; 0x392 <Cmd_AckVelocidad+0x14>
     38a:	80 91 89 03 	lds	r24, 0x0389	; 0x800389 <Rx+0x108>
     38e:	8d 30       	cpi	r24, 0x0D	; 13
     390:	19 f0       	breq	.+6      	; 0x398 <Cmd_AckVelocidad+0x1a>
     392:	81 e0       	ldi	r24, 0x01	; 1
     394:	80 93 47 02 	sts	0x0247, r24	; 0x800247 <Ev+0x11>
     398:	08 95       	ret

0000039a <Cmd_SensorEvent>:
     39a:	10 92 49 02 	sts	0x0249, r1	; 0x800249 <Ev+0x13>
     39e:	60 e0       	ldi	r22, 0x00	; 0
     3a0:	1c c0       	rjmp	.+56     	; 0x3da <Cmd_SensorEvent+0x40>
     3a2:	f9 01       	movw	r30, r18
     3a4:	e8 57       	subi	r30, 0x78	; 120
     3a6:	fc 4f       	sbci	r31, 0xFC	; 252
     3a8:	20 81       	ld	r18, Z
     3aa:	fc 01       	movw	r30, r24
     3ac:	e8 57       	subi	r30, 0x78	; 120
     3ae:	fc 4f       	sbci	r31, 0xFC	; 252
     3b0:	80 81       	ld	r24, Z
     3b2:	6e 5f       	subi	r22, 0xFE	; 254
     3b4:	81 30       	cpi	r24, 0x01	; 1
     3b6:	89 f4       	brne	.+34     	; 0x3da <Cmd_SensorEvent+0x40>
     3b8:	21 30       	cpi	r18, 0x01	; 1
     3ba:	41 f0       	breq	.+16     	; 0x3cc <Cmd_SensorEvent+0x32>
     3bc:	18 f0       	brcs	.+6      	; 0x3c4 <Cmd_SensorEvent+0x2a>
     3be:	22 30       	cpi	r18, 0x02	; 2
     3c0:	49 f0       	breq	.+18     	; 0x3d4 <Cmd_SensorEvent+0x3a>
     3c2:	0b c0       	rjmp	.+22     	; 0x3da <Cmd_SensorEvent+0x40>
     3c4:	81 e0       	ldi	r24, 0x01	; 1
     3c6:	80 93 37 02 	sts	0x0237, r24	; 0x800237 <Ev+0x1>
     3ca:	07 c0       	rjmp	.+14     	; 0x3da <Cmd_SensorEvent+0x40>
     3cc:	81 e0       	ldi	r24, 0x01	; 1
     3ce:	80 93 38 02 	sts	0x0238, r24	; 0x800238 <Ev+0x2>
     3d2:	03 c0       	rjmp	.+6      	; 0x3da <Cmd_SensorEvent+0x40>
     3d4:	81 e0       	ldi	r24, 0x01	; 1
     3d6:	80 93 39 02 	sts	0x0239, r24	; 0x800239 <Ev+0x3>
     3da:	26 2f       	mov	r18, r22
     3dc:	30 e0       	ldi	r19, 0x00	; 0
     3de:	c9 01       	movw	r24, r18
     3e0:	01 96       	adiw	r24, 0x01	; 1
     3e2:	40 91 86 03 	lds	r20, 0x0386	; 0x800386 <Rx+0x105>
     3e6:	50 e0       	ldi	r21, 0x00	; 0
     3e8:	84 17       	cp	r24, r20
     3ea:	95 07       	cpc	r25, r21
     3ec:	d4 f2       	brlt	.-76     	; 0x3a2 <Cmd_SensorEvent+0x8>
     3ee:	08 95       	ret

000003f0 <Cmd_NuevaCaja>:
     3f0:	e6 e3       	ldi	r30, 0x36	; 54
     3f2:	f2 e0       	ldi	r31, 0x02	; 2
     3f4:	13 8a       	std	Z+19, r1	; 0x13
     3f6:	80 91 88 03 	lds	r24, 0x0388	; 0x800388 <Rx+0x107>
     3fa:	80 93 06 02 	sts	0x0206, r24	; 0x800206 <lastboxtype>
     3fe:	81 e0       	ldi	r24, 0x01	; 1
     400:	80 83       	st	Z, r24
     402:	08 95       	ret

00000404 <Cmd_ConfigTimeout>:
     404:	80 91 86 03 	lds	r24, 0x0386	; 0x800386 <Rx+0x105>
     408:	82 30       	cpi	r24, 0x02	; 2
     40a:	78 f0       	brcs	.+30     	; 0x42a <Cmd_ConfigTimeout+0x26>
     40c:	20 91 88 03 	lds	r18, 0x0388	; 0x800388 <Rx+0x107>
     410:	80 91 89 03 	lds	r24, 0x0389	; 0x800389 <Rx+0x108>
     414:	90 e0       	ldi	r25, 0x00	; 0
     416:	98 2f       	mov	r25, r24
     418:	88 27       	eor	r24, r24
     41a:	82 2b       	or	r24, r18
     41c:	90 93 08 01 	sts	0x0108, r25	; 0x800108 <WaitTime+0x1>
     420:	80 93 07 01 	sts	0x0107, r24	; 0x800107 <WaitTime>
     424:	81 e0       	ldi	r24, 0x01	; 1
     426:	80 93 48 02 	sts	0x0248, r24	; 0x800248 <Ev+0x12>
     42a:	08 95       	ret

0000042c <Sensor_Trig>:
     42c:	88 23       	and	r24, r24
     42e:	21 f0       	breq	.+8      	; 0x438 <Sensor_Trig+0xc>
     430:	8b b1       	in	r24, 0x0b	; 11
     432:	80 68       	ori	r24, 0x80	; 128
     434:	8b b9       	out	0x0b, r24	; 11
     436:	08 95       	ret
     438:	8b b1       	in	r24, 0x0b	; 11
     43a:	8f 77       	andi	r24, 0x7F	; 127
     43c:	8b b9       	out	0x0b, r24	; 11
     43e:	08 95       	ret

00000440 <Sensor_Echo>:
     440:	89 b1       	in	r24, 0x09	; 9
     442:	86 fb       	bst	r24, 6
     444:	88 27       	eor	r24, r24
     446:	80 f9       	bld	r24, 0
     448:	08 95       	ret

0000044a <Sensor_GetUs>:
     44a:	20 91 84 00 	lds	r18, 0x0084	; 0x800084 <__TEXT_REGION_LENGTH__+0x7f8084>
     44e:	30 91 85 00 	lds	r19, 0x0085	; 0x800085 <__TEXT_REGION_LENGTH__+0x7f8085>
     452:	80 91 02 02 	lds	r24, 0x0202	; 0x800202 <last_tcnt.2468>
     456:	90 91 03 02 	lds	r25, 0x0203	; 0x800203 <last_tcnt.2468+0x1>
     45a:	a9 01       	movw	r20, r18
     45c:	48 1b       	sub	r20, r24
     45e:	59 0b       	sbc	r21, r25
     460:	80 91 fe 01 	lds	r24, 0x01FE	; 0x8001fe <__data_end>
     464:	90 91 ff 01 	lds	r25, 0x01FF	; 0x8001ff <__data_end+0x1>
     468:	a0 91 00 02 	lds	r26, 0x0200	; 0x800200 <__data_end+0x2>
     46c:	b0 91 01 02 	lds	r27, 0x0201	; 0x800201 <__data_end+0x3>
     470:	84 0f       	add	r24, r20
     472:	95 1f       	adc	r25, r21
     474:	a1 1d       	adc	r26, r1
     476:	b1 1d       	adc	r27, r1
     478:	80 93 fe 01 	sts	0x01FE, r24	; 0x8001fe <__data_end>
     47c:	90 93 ff 01 	sts	0x01FF, r25	; 0x8001ff <__data_end+0x1>
     480:	a0 93 00 02 	sts	0x0200, r26	; 0x800200 <__data_end+0x2>
     484:	b0 93 01 02 	sts	0x0201, r27	; 0x800201 <__data_end+0x3>
     488:	30 93 03 02 	sts	0x0203, r19	; 0x800203 <last_tcnt.2468+0x1>
     48c:	20 93 02 02 	sts	0x0202, r18	; 0x800202 <last_tcnt.2468>
     490:	bc 01       	movw	r22, r24
     492:	cd 01       	movw	r24, r26
     494:	96 95       	lsr	r25
     496:	87 95       	ror	r24
     498:	77 95       	ror	r23
     49a:	67 95       	ror	r22
     49c:	08 95       	ret

0000049e <Cmd_AckReset>:
     49e:	8a e0       	ldi	r24, 0x0A	; 10
     4a0:	ea e4       	ldi	r30, 0x4A	; 74
     4a2:	f2 e0       	ldi	r31, 0x02	; 2
     4a4:	df 01       	movw	r26, r30
     4a6:	98 2f       	mov	r25, r24
     4a8:	1d 92       	st	X+, r1
     4aa:	9a 95       	dec	r25
     4ac:	e9 f7       	brne	.-6      	; 0x4a8 <Cmd_AckReset+0xa>
     4ae:	e7 e7       	ldi	r30, 0x77	; 119
     4b0:	f2 e0       	ldi	r31, 0x02	; 2
     4b2:	df 01       	movw	r26, r30
     4b4:	98 2f       	mov	r25, r24
     4b6:	1d 92       	st	X+, r1
     4b8:	9a 95       	dec	r25
     4ba:	e9 f7       	brne	.-6      	; 0x4b6 <Cmd_AckReset+0x18>
     4bc:	ed e1       	ldi	r30, 0x1D	; 29
     4be:	f2 e0       	ldi	r31, 0x02	; 2
     4c0:	df 01       	movw	r26, r30
     4c2:	1d 92       	st	X+, r1
     4c4:	8a 95       	dec	r24
     4c6:	e9 f7       	brne	.-6      	; 0x4c2 <Cmd_AckReset+0x24>
     4c8:	10 92 09 02 	sts	0x0209, r1	; 0x800209 <Qelements0>
     4cc:	10 92 08 02 	sts	0x0208, r1	; 0x800208 <Qelements1>
     4d0:	10 92 07 02 	sts	0x0207, r1	; 0x800207 <Qelements2>
     4d4:	10 92 06 02 	sts	0x0206, r1	; 0x800206 <lastboxtype>
     4d8:	10 92 05 02 	sts	0x0205, r1	; 0x800205 <last_box_Q1>
     4dc:	10 92 04 02 	sts	0x0204, r1	; 0x800204 <last_box_Q2>
     4e0:	e6 e3       	ldi	r30, 0x36	; 54
     4e2:	f2 e0       	ldi	r31, 0x02	; 2
     4e4:	10 82       	st	Z, r1
     4e6:	11 82       	std	Z+1, r1	; 0x01
     4e8:	12 82       	std	Z+2, r1	; 0x02
     4ea:	13 82       	std	Z+3, r1	; 0x03
     4ec:	14 82       	std	Z+4, r1	; 0x04
     4ee:	15 82       	std	Z+5, r1	; 0x05
     4f0:	16 82       	std	Z+6, r1	; 0x06
     4f2:	17 82       	std	Z+7, r1	; 0x07
     4f4:	10 86       	std	Z+8, r1	; 0x08
     4f6:	80 e0       	ldi	r24, 0x00	; 0
     4f8:	11 c0       	rjmp	.+34     	; 0x51c <Cmd_AckReset+0x7e>
     4fa:	e8 2f       	mov	r30, r24
     4fc:	f0 e0       	ldi	r31, 0x00	; 0
     4fe:	9f 01       	movw	r18, r30
     500:	22 0f       	add	r18, r18
     502:	33 1f       	adc	r19, r19
     504:	22 0f       	add	r18, r18
     506:	33 1f       	adc	r19, r19
     508:	e2 0f       	add	r30, r18
     50a:	f3 1f       	adc	r31, r19
     50c:	e9 5d       	subi	r30, 0xD9	; 217
     50e:	fd 4f       	sbci	r31, 0xFD	; 253
     510:	10 82       	st	Z, r1
     512:	11 82       	std	Z+1, r1	; 0x01
     514:	12 82       	std	Z+2, r1	; 0x02
     516:	13 82       	std	Z+3, r1	; 0x03
     518:	14 82       	std	Z+4, r1	; 0x04
     51a:	8f 5f       	subi	r24, 0xFF	; 255
     51c:	83 30       	cpi	r24, 0x03	; 3
     51e:	68 f3       	brcs	.-38     	; 0x4fa <Cmd_AckReset+0x5c>
     520:	81 e0       	ldi	r24, 0x01	; 1
     522:	80 93 49 02 	sts	0x0249, r24	; 0x800249 <Ev+0x13>
     526:	10 92 12 02 	sts	0x0212, r1	; 0x800212 <sys_state>
     52a:	80 91 86 03 	lds	r24, 0x0386	; 0x800386 <Rx+0x105>
     52e:	88 23       	and	r24, r24
     530:	31 f0       	breq	.+12     	; 0x53e <Cmd_AckReset+0xa0>
     532:	80 91 88 03 	lds	r24, 0x0388	; 0x800388 <Rx+0x107>
     536:	8d 30       	cpi	r24, 0x0D	; 13
     538:	29 f0       	breq	.+10     	; 0x544 <Cmd_AckReset+0xa6>
     53a:	8a 30       	cpi	r24, 0x0A	; 10
     53c:	19 f0       	breq	.+6      	; 0x544 <Cmd_AckReset+0xa6>
     53e:	81 e0       	ldi	r24, 0x01	; 1
     540:	80 93 42 02 	sts	0x0242, r24	; 0x800242 <Ev+0xc>
     544:	08 95       	ret

00000546 <HandleQueue>:
     546:	80 91 12 02 	lds	r24, 0x0212	; 0x800212 <sys_state>
     54a:	82 30       	cpi	r24, 0x02	; 2
     54c:	09 f0       	breq	.+2      	; 0x550 <HandleQueue+0xa>
     54e:	48 c1       	rjmp	.+656    	; 0x7e0 <HandleQueue+0x29a>
     550:	80 91 36 02 	lds	r24, 0x0236	; 0x800236 <Ev>
     554:	88 23       	and	r24, r24
     556:	b1 f0       	breq	.+44     	; 0x584 <HandleQueue+0x3e>
     558:	80 91 3a 02 	lds	r24, 0x023A	; 0x80023a <Ev+0x4>
     55c:	81 11       	cpse	r24, r1
     55e:	12 c0       	rjmp	.+36     	; 0x584 <HandleQueue+0x3e>
     560:	80 91 09 02 	lds	r24, 0x0209	; 0x800209 <Qelements0>
     564:	8a 30       	cpi	r24, 0x0A	; 10
     566:	70 f4       	brcc	.+28     	; 0x584 <HandleQueue+0x3e>
     568:	e9 e0       	ldi	r30, 0x09	; 9
     56a:	f0 e0       	ldi	r31, 0x00	; 0
     56c:	e8 1b       	sub	r30, r24
     56e:	f1 09       	sbc	r31, r1
     570:	e6 5b       	subi	r30, 0xB6	; 182
     572:	fd 4f       	sbci	r31, 0xFD	; 253
     574:	90 91 06 02 	lds	r25, 0x0206	; 0x800206 <lastboxtype>
     578:	90 83       	st	Z, r25
     57a:	8f 5f       	subi	r24, 0xFF	; 255
     57c:	80 93 09 02 	sts	0x0209, r24	; 0x800209 <Qelements0>
     580:	10 92 36 02 	sts	0x0236, r1	; 0x800236 <Ev>
     584:	80 91 37 02 	lds	r24, 0x0237	; 0x800237 <Ev+0x1>
     588:	88 23       	and	r24, r24
     58a:	81 f1       	breq	.+96     	; 0x5ec <HandleQueue+0xa6>
     58c:	80 91 3a 02 	lds	r24, 0x023A	; 0x80023a <Ev+0x4>
     590:	81 11       	cpse	r24, r1
     592:	2c c0       	rjmp	.+88     	; 0x5ec <HandleQueue+0xa6>
     594:	10 92 37 02 	sts	0x0237, r1	; 0x800237 <Ev+0x1>
     598:	80 91 09 02 	lds	r24, 0x0209	; 0x800209 <Qelements0>
     59c:	88 23       	and	r24, r24
     59e:	31 f1       	breq	.+76     	; 0x5ec <HandleQueue+0xa6>
     5a0:	80 91 53 02 	lds	r24, 0x0253	; 0x800253 <Queue0+0x9>
     5a4:	90 91 67 02 	lds	r25, 0x0267	; 0x800267 <config_salidas>
     5a8:	89 13       	cpse	r24, r25
     5aa:	11 c0       	rjmp	.+34     	; 0x5ce <HandleQueue+0x88>
     5ac:	e7 e2       	ldi	r30, 0x27	; 39
     5ae:	f2 e0       	ldi	r31, 0x02	; 2
     5b0:	81 e0       	ldi	r24, 0x01	; 1
     5b2:	80 83       	st	Z, r24
     5b4:	80 91 0e 02 	lds	r24, 0x020E	; 0x80020e <tick_ms>
     5b8:	90 91 0f 02 	lds	r25, 0x020F	; 0x80020f <tick_ms+0x1>
     5bc:	a0 91 10 02 	lds	r26, 0x0210	; 0x800210 <tick_ms+0x2>
     5c0:	b0 91 11 02 	lds	r27, 0x0211	; 0x800211 <tick_ms+0x3>
     5c4:	81 83       	std	Z+1, r24	; 0x01
     5c6:	92 83       	std	Z+2, r25	; 0x02
     5c8:	a3 83       	std	Z+3, r26	; 0x03
     5ca:	b4 83       	std	Z+4, r27	; 0x04
     5cc:	05 c0       	rjmp	.+10     	; 0x5d8 <HandleQueue+0x92>
     5ce:	80 93 05 02 	sts	0x0205, r24	; 0x800205 <last_box_Q1>
     5d2:	81 e0       	ldi	r24, 0x01	; 1
     5d4:	80 93 3d 02 	sts	0x023D, r24	; 0x80023d <Ev+0x7>
     5d8:	10 92 53 02 	sts	0x0253, r1	; 0x800253 <Queue0+0x9>
     5dc:	80 91 09 02 	lds	r24, 0x0209	; 0x800209 <Qelements0>
     5e0:	81 50       	subi	r24, 0x01	; 1
     5e2:	80 93 09 02 	sts	0x0209, r24	; 0x800209 <Qelements0>
     5e6:	81 e0       	ldi	r24, 0x01	; 1
     5e8:	80 93 3a 02 	sts	0x023A, r24	; 0x80023a <Ev+0x4>
     5ec:	80 91 3d 02 	lds	r24, 0x023D	; 0x80023d <Ev+0x7>
     5f0:	88 23       	and	r24, r24
     5f2:	b1 f0       	breq	.+44     	; 0x620 <HandleQueue+0xda>
     5f4:	80 91 3b 02 	lds	r24, 0x023B	; 0x80023b <Ev+0x5>
     5f8:	81 11       	cpse	r24, r1
     5fa:	12 c0       	rjmp	.+36     	; 0x620 <HandleQueue+0xda>
     5fc:	80 91 08 02 	lds	r24, 0x0208	; 0x800208 <Qelements1>
     600:	8a 30       	cpi	r24, 0x0A	; 10
     602:	70 f4       	brcc	.+28     	; 0x620 <HandleQueue+0xda>
     604:	e9 e0       	ldi	r30, 0x09	; 9
     606:	f0 e0       	ldi	r31, 0x00	; 0
     608:	e8 1b       	sub	r30, r24
     60a:	f1 09       	sbc	r31, r1
     60c:	90 91 05 02 	lds	r25, 0x0205	; 0x800205 <last_box_Q1>
     610:	e9 58       	subi	r30, 0x89	; 137
     612:	fd 4f       	sbci	r31, 0xFD	; 253
     614:	90 83       	st	Z, r25
     616:	8f 5f       	subi	r24, 0xFF	; 255
     618:	80 93 08 02 	sts	0x0208, r24	; 0x800208 <Qelements1>
     61c:	10 92 3d 02 	sts	0x023D, r1	; 0x80023d <Ev+0x7>
     620:	80 91 38 02 	lds	r24, 0x0238	; 0x800238 <Ev+0x2>
     624:	88 23       	and	r24, r24
     626:	81 f1       	breq	.+96     	; 0x688 <HandleQueue+0x142>
     628:	80 91 3b 02 	lds	r24, 0x023B	; 0x80023b <Ev+0x5>
     62c:	81 11       	cpse	r24, r1
     62e:	2c c0       	rjmp	.+88     	; 0x688 <HandleQueue+0x142>
     630:	10 92 38 02 	sts	0x0238, r1	; 0x800238 <Ev+0x2>
     634:	80 91 08 02 	lds	r24, 0x0208	; 0x800208 <Qelements1>
     638:	88 23       	and	r24, r24
     63a:	31 f1       	breq	.+76     	; 0x688 <HandleQueue+0x142>
     63c:	80 91 80 02 	lds	r24, 0x0280	; 0x800280 <Queue1+0x9>
     640:	90 91 68 02 	lds	r25, 0x0268	; 0x800268 <config_salidas+0x1>
     644:	89 13       	cpse	r24, r25
     646:	11 c0       	rjmp	.+34     	; 0x66a <HandleQueue+0x124>
     648:	e7 e2       	ldi	r30, 0x27	; 39
     64a:	f2 e0       	ldi	r31, 0x02	; 2
     64c:	81 e0       	ldi	r24, 0x01	; 1
     64e:	85 83       	std	Z+5, r24	; 0x05
     650:	80 91 0e 02 	lds	r24, 0x020E	; 0x80020e <tick_ms>
     654:	90 91 0f 02 	lds	r25, 0x020F	; 0x80020f <tick_ms+0x1>
     658:	a0 91 10 02 	lds	r26, 0x0210	; 0x800210 <tick_ms+0x2>
     65c:	b0 91 11 02 	lds	r27, 0x0211	; 0x800211 <tick_ms+0x3>
     660:	86 83       	std	Z+6, r24	; 0x06
     662:	97 83       	std	Z+7, r25	; 0x07
     664:	a0 87       	std	Z+8, r26	; 0x08
     666:	b1 87       	std	Z+9, r27	; 0x09
     668:	05 c0       	rjmp	.+10     	; 0x674 <HandleQueue+0x12e>
     66a:	80 93 04 02 	sts	0x0204, r24	; 0x800204 <last_box_Q2>
     66e:	81 e0       	ldi	r24, 0x01	; 1
     670:	80 93 3e 02 	sts	0x023E, r24	; 0x80023e <Ev+0x8>
     674:	10 92 80 02 	sts	0x0280, r1	; 0x800280 <Queue1+0x9>
     678:	80 91 08 02 	lds	r24, 0x0208	; 0x800208 <Qelements1>
     67c:	81 50       	subi	r24, 0x01	; 1
     67e:	80 93 08 02 	sts	0x0208, r24	; 0x800208 <Qelements1>
     682:	81 e0       	ldi	r24, 0x01	; 1
     684:	80 93 3b 02 	sts	0x023B, r24	; 0x80023b <Ev+0x5>
     688:	80 91 3e 02 	lds	r24, 0x023E	; 0x80023e <Ev+0x8>
     68c:	88 23       	and	r24, r24
     68e:	b1 f0       	breq	.+44     	; 0x6bc <HandleQueue+0x176>
     690:	80 91 3c 02 	lds	r24, 0x023C	; 0x80023c <Ev+0x6>
     694:	81 11       	cpse	r24, r1
     696:	12 c0       	rjmp	.+36     	; 0x6bc <HandleQueue+0x176>
     698:	80 91 07 02 	lds	r24, 0x0207	; 0x800207 <Qelements2>
     69c:	8a 30       	cpi	r24, 0x0A	; 10
     69e:	70 f4       	brcc	.+28     	; 0x6bc <HandleQueue+0x176>
     6a0:	e9 e0       	ldi	r30, 0x09	; 9
     6a2:	f0 e0       	ldi	r31, 0x00	; 0
     6a4:	e8 1b       	sub	r30, r24
     6a6:	f1 09       	sbc	r31, r1
     6a8:	90 91 04 02 	lds	r25, 0x0204	; 0x800204 <last_box_Q2>
     6ac:	e3 5e       	subi	r30, 0xE3	; 227
     6ae:	fd 4f       	sbci	r31, 0xFD	; 253
     6b0:	90 83       	st	Z, r25
     6b2:	8f 5f       	subi	r24, 0xFF	; 255
     6b4:	80 93 07 02 	sts	0x0207, r24	; 0x800207 <Qelements2>
     6b8:	10 92 3e 02 	sts	0x023E, r1	; 0x80023e <Ev+0x8>
     6bc:	80 91 39 02 	lds	r24, 0x0239	; 0x800239 <Ev+0x3>
     6c0:	88 23       	and	r24, r24
     6c2:	41 f1       	breq	.+80     	; 0x714 <HandleQueue+0x1ce>
     6c4:	80 91 3c 02 	lds	r24, 0x023C	; 0x80023c <Ev+0x6>
     6c8:	81 11       	cpse	r24, r1
     6ca:	24 c0       	rjmp	.+72     	; 0x714 <HandleQueue+0x1ce>
     6cc:	10 92 39 02 	sts	0x0239, r1	; 0x800239 <Ev+0x3>
     6d0:	80 91 07 02 	lds	r24, 0x0207	; 0x800207 <Qelements2>
     6d4:	88 23       	and	r24, r24
     6d6:	f1 f0       	breq	.+60     	; 0x714 <HandleQueue+0x1ce>
     6d8:	20 91 26 02 	lds	r18, 0x0226	; 0x800226 <Queue2+0x9>
     6dc:	90 91 69 02 	lds	r25, 0x0269	; 0x800269 <config_salidas+0x2>
     6e0:	29 13       	cpse	r18, r25
     6e2:	10 c0       	rjmp	.+32     	; 0x704 <HandleQueue+0x1be>
     6e4:	e7 e2       	ldi	r30, 0x27	; 39
     6e6:	f2 e0       	ldi	r31, 0x02	; 2
     6e8:	91 e0       	ldi	r25, 0x01	; 1
     6ea:	92 87       	std	Z+10, r25	; 0x0a
     6ec:	40 91 0e 02 	lds	r20, 0x020E	; 0x80020e <tick_ms>
     6f0:	50 91 0f 02 	lds	r21, 0x020F	; 0x80020f <tick_ms+0x1>
     6f4:	60 91 10 02 	lds	r22, 0x0210	; 0x800210 <tick_ms+0x2>
     6f8:	70 91 11 02 	lds	r23, 0x0211	; 0x800211 <tick_ms+0x3>
     6fc:	43 87       	std	Z+11, r20	; 0x0b
     6fe:	54 87       	std	Z+12, r21	; 0x0c
     700:	65 87       	std	Z+13, r22	; 0x0d
     702:	76 87       	std	Z+14, r23	; 0x0e
     704:	10 92 26 02 	sts	0x0226, r1	; 0x800226 <Queue2+0x9>
     708:	81 50       	subi	r24, 0x01	; 1
     70a:	80 93 07 02 	sts	0x0207, r24	; 0x800207 <Qelements2>
     70e:	81 e0       	ldi	r24, 0x01	; 1
     710:	80 93 3c 02 	sts	0x023C, r24	; 0x80023c <Ev+0x6>
     714:	80 91 3a 02 	lds	r24, 0x023A	; 0x80023a <Ev+0x4>
     718:	88 23       	and	r24, r24
     71a:	f1 f0       	breq	.+60     	; 0x758 <HandleQueue+0x212>
     71c:	80 91 06 01 	lds	r24, 0x0106	; 0x800106 <i0.2342>
     720:	28 2f       	mov	r18, r24
     722:	30 e0       	ldi	r19, 0x00	; 0
     724:	ea e0       	ldi	r30, 0x0A	; 10
     726:	f0 e0       	ldi	r31, 0x00	; 0
     728:	e2 1b       	sub	r30, r18
     72a:	f3 0b       	sbc	r31, r19
     72c:	a9 e0       	ldi	r26, 0x09	; 9
     72e:	b0 e0       	ldi	r27, 0x00	; 0
     730:	a2 1b       	sub	r26, r18
     732:	b3 0b       	sbc	r27, r19
     734:	a6 5b       	subi	r26, 0xB6	; 182
     736:	bd 4f       	sbci	r27, 0xFD	; 253
     738:	9c 91       	ld	r25, X
     73a:	e6 5b       	subi	r30, 0xB6	; 182
     73c:	fd 4f       	sbci	r31, 0xFD	; 253
     73e:	90 83       	st	Z, r25
     740:	8f 5f       	subi	r24, 0xFF	; 255
     742:	80 93 06 01 	sts	0x0106, r24	; 0x800106 <i0.2342>
     746:	8a 30       	cpi	r24, 0x0A	; 10
     748:	39 f4       	brne	.+14     	; 0x758 <HandleQueue+0x212>
     74a:	10 92 4a 02 	sts	0x024A, r1	; 0x80024a <Queue0>
     74e:	10 92 3a 02 	sts	0x023A, r1	; 0x80023a <Ev+0x4>
     752:	81 e0       	ldi	r24, 0x01	; 1
     754:	80 93 06 01 	sts	0x0106, r24	; 0x800106 <i0.2342>
     758:	80 91 3b 02 	lds	r24, 0x023B	; 0x80023b <Ev+0x5>
     75c:	88 23       	and	r24, r24
     75e:	f1 f0       	breq	.+60     	; 0x79c <HandleQueue+0x256>
     760:	80 91 05 01 	lds	r24, 0x0105	; 0x800105 <i1.2343>
     764:	28 2f       	mov	r18, r24
     766:	30 e0       	ldi	r19, 0x00	; 0
     768:	ea e0       	ldi	r30, 0x0A	; 10
     76a:	f0 e0       	ldi	r31, 0x00	; 0
     76c:	e2 1b       	sub	r30, r18
     76e:	f3 0b       	sbc	r31, r19
     770:	a9 e0       	ldi	r26, 0x09	; 9
     772:	b0 e0       	ldi	r27, 0x00	; 0
     774:	a2 1b       	sub	r26, r18
     776:	b3 0b       	sbc	r27, r19
     778:	a9 58       	subi	r26, 0x89	; 137
     77a:	bd 4f       	sbci	r27, 0xFD	; 253
     77c:	9c 91       	ld	r25, X
     77e:	e9 58       	subi	r30, 0x89	; 137
     780:	fd 4f       	sbci	r31, 0xFD	; 253
     782:	90 83       	st	Z, r25
     784:	8f 5f       	subi	r24, 0xFF	; 255
     786:	80 93 05 01 	sts	0x0105, r24	; 0x800105 <i1.2343>
     78a:	8a 30       	cpi	r24, 0x0A	; 10
     78c:	39 f4       	brne	.+14     	; 0x79c <HandleQueue+0x256>
     78e:	10 92 77 02 	sts	0x0277, r1	; 0x800277 <Queue1>
     792:	10 92 3b 02 	sts	0x023B, r1	; 0x80023b <Ev+0x5>
     796:	81 e0       	ldi	r24, 0x01	; 1
     798:	80 93 05 01 	sts	0x0105, r24	; 0x800105 <i1.2343>
     79c:	80 91 3c 02 	lds	r24, 0x023C	; 0x80023c <Ev+0x6>
     7a0:	88 23       	and	r24, r24
     7a2:	f1 f0       	breq	.+60     	; 0x7e0 <HandleQueue+0x29a>
     7a4:	80 91 04 01 	lds	r24, 0x0104	; 0x800104 <i2.2344>
     7a8:	28 2f       	mov	r18, r24
     7aa:	30 e0       	ldi	r19, 0x00	; 0
     7ac:	ea e0       	ldi	r30, 0x0A	; 10
     7ae:	f0 e0       	ldi	r31, 0x00	; 0
     7b0:	e2 1b       	sub	r30, r18
     7b2:	f3 0b       	sbc	r31, r19
     7b4:	a9 e0       	ldi	r26, 0x09	; 9
     7b6:	b0 e0       	ldi	r27, 0x00	; 0
     7b8:	a2 1b       	sub	r26, r18
     7ba:	b3 0b       	sbc	r27, r19
     7bc:	a3 5e       	subi	r26, 0xE3	; 227
     7be:	bd 4f       	sbci	r27, 0xFD	; 253
     7c0:	9c 91       	ld	r25, X
     7c2:	e3 5e       	subi	r30, 0xE3	; 227
     7c4:	fd 4f       	sbci	r31, 0xFD	; 253
     7c6:	90 83       	st	Z, r25
     7c8:	8f 5f       	subi	r24, 0xFF	; 255
     7ca:	80 93 04 01 	sts	0x0104, r24	; 0x800104 <i2.2344>
     7ce:	8a 30       	cpi	r24, 0x0A	; 10
     7d0:	39 f4       	brne	.+14     	; 0x7e0 <HandleQueue+0x29a>
     7d2:	10 92 1d 02 	sts	0x021D, r1	; 0x80021d <Queue2>
     7d6:	10 92 3c 02 	sts	0x023C, r1	; 0x80023c <Ev+0x6>
     7da:	81 e0       	ldi	r24, 0x01	; 1
     7dc:	80 93 04 01 	sts	0x0104, r24	; 0x800104 <i2.2344>
     7e0:	08 95       	ret

000007e2 <FireActuator>:
     7e2:	0f 93       	push	r16
     7e4:	1f 93       	push	r17
     7e6:	cf 93       	push	r28
     7e8:	df 93       	push	r29
     7ea:	00 d0       	rcall	.+0      	; 0x7ec <FireActuator+0xa>
     7ec:	cd b7       	in	r28, 0x3d	; 61
     7ee:	de b7       	in	r29, 0x3e	; 62
     7f0:	83 30       	cpi	r24, 0x03	; 3
     7f2:	90 f5       	brcc	.+100    	; 0x858 <__DATA_REGION_LENGTH__+0x58>
     7f4:	06 2f       	mov	r16, r22
     7f6:	18 2f       	mov	r17, r24
     7f8:	66 23       	and	r22, r22
     7fa:	71 f0       	breq	.+28     	; 0x818 <__DATA_REGION_LENGTH__+0x18>
     7fc:	90 e0       	ldi	r25, 0x00	; 0
     7fe:	9c 01       	movw	r18, r24
     800:	22 0f       	add	r18, r18
     802:	33 1f       	adc	r19, r19
     804:	22 0f       	add	r18, r18
     806:	33 1f       	adc	r19, r19
     808:	82 0f       	add	r24, r18
     80a:	93 1f       	adc	r25, r19
     80c:	60 e0       	ldi	r22, 0x00	; 0
     80e:	88 5a       	subi	r24, 0xA8	; 168
     810:	9d 4f       	sbci	r25, 0xFD	; 253
     812:	0e 94 13 0a 	call	0x1426	; 0x1426 <SG90_SetAngle>
     816:	0d c0       	rjmp	.+26     	; 0x832 <__DATA_REGION_LENGTH__+0x32>
     818:	90 e0       	ldi	r25, 0x00	; 0
     81a:	9c 01       	movw	r18, r24
     81c:	22 0f       	add	r18, r18
     81e:	33 1f       	adc	r19, r19
     820:	22 0f       	add	r18, r18
     822:	33 1f       	adc	r19, r19
     824:	82 0f       	add	r24, r18
     826:	93 1f       	adc	r25, r19
     828:	62 e8       	ldi	r22, 0x82	; 130
     82a:	88 5a       	subi	r24, 0xA8	; 168
     82c:	9d 4f       	sbci	r25, 0xFD	; 253
     82e:	0e 94 13 0a 	call	0x1426	; 0x1426 <SG90_SetAngle>
     832:	81 e0       	ldi	r24, 0x01	; 1
     834:	90 e0       	ldi	r25, 0x00	; 0
     836:	02 c0       	rjmp	.+4      	; 0x83c <__DATA_REGION_LENGTH__+0x3c>
     838:	88 0f       	add	r24, r24
     83a:	99 1f       	adc	r25, r25
     83c:	1a 95       	dec	r17
     83e:	e2 f7       	brpl	.-8      	; 0x838 <__DATA_REGION_LENGTH__+0x38>
     840:	89 83       	std	Y+1, r24	; 0x01
     842:	01 11       	cpse	r16, r1
     844:	01 c0       	rjmp	.+2      	; 0x848 <__DATA_REGION_LENGTH__+0x48>
     846:	80 e0       	ldi	r24, 0x00	; 0
     848:	8a 83       	std	Y+2, r24	; 0x02
     84a:	42 e0       	ldi	r20, 0x02	; 2
     84c:	be 01       	movw	r22, r28
     84e:	6f 5f       	subi	r22, 0xFF	; 255
     850:	7f 4f       	sbci	r23, 0xFF	; 255
     852:	82 e5       	ldi	r24, 0x52	; 82
     854:	0e 94 61 08 	call	0x10c2	; 0x10c2 <Protocol_SendSimuCMD>
     858:	0f 90       	pop	r0
     85a:	0f 90       	pop	r0
     85c:	df 91       	pop	r29
     85e:	cf 91       	pop	r28
     860:	1f 91       	pop	r17
     862:	0f 91       	pop	r16
     864:	08 95       	ret

00000866 <HandleActuators>:
     866:	0f 93       	push	r16
     868:	1f 93       	push	r17
     86a:	cf 93       	push	r28
     86c:	c0 e0       	ldi	r28, 0x00	; 0
     86e:	bd c0       	rjmp	.+378    	; 0x9ea <__stack+0xeb>
     870:	8c 2f       	mov	r24, r28
     872:	90 e0       	ldi	r25, 0x00	; 0
     874:	fc 01       	movw	r30, r24
     876:	ee 0f       	add	r30, r30
     878:	ff 1f       	adc	r31, r31
     87a:	ee 0f       	add	r30, r30
     87c:	ff 1f       	adc	r31, r31
     87e:	e8 0f       	add	r30, r24
     880:	f9 1f       	adc	r31, r25
     882:	e9 5d       	subi	r30, 0xD9	; 217
     884:	fd 4f       	sbci	r31, 0xFD	; 253
     886:	20 81       	ld	r18, Z
     888:	22 30       	cpi	r18, 0x02	; 2
     88a:	09 f4       	brne	.+2      	; 0x88e <HandleActuators+0x28>
     88c:	48 c0       	rjmp	.+144    	; 0x91e <__stack+0x1f>
     88e:	23 30       	cpi	r18, 0x03	; 3
     890:	09 f4       	brne	.+2      	; 0x894 <HandleActuators+0x2e>
     892:	7d c0       	rjmp	.+250    	; 0x98e <__stack+0x8f>
     894:	21 30       	cpi	r18, 0x01	; 1
     896:	09 f0       	breq	.+2      	; 0x89a <HandleActuators+0x34>
     898:	a7 c0       	rjmp	.+334    	; 0x9e8 <__stack+0xe9>
     89a:	00 91 0e 02 	lds	r16, 0x020E	; 0x80020e <tick_ms>
     89e:	10 91 0f 02 	lds	r17, 0x020F	; 0x80020f <tick_ms+0x1>
     8a2:	20 91 10 02 	lds	r18, 0x0210	; 0x800210 <tick_ms+0x2>
     8a6:	30 91 11 02 	lds	r19, 0x0211	; 0x800211 <tick_ms+0x3>
     8aa:	fc 01       	movw	r30, r24
     8ac:	ee 0f       	add	r30, r30
     8ae:	ff 1f       	adc	r31, r31
     8b0:	ee 0f       	add	r30, r30
     8b2:	ff 1f       	adc	r31, r31
     8b4:	e8 0f       	add	r30, r24
     8b6:	f9 1f       	adc	r31, r25
     8b8:	e9 5d       	subi	r30, 0xD9	; 217
     8ba:	fd 4f       	sbci	r31, 0xFD	; 253
     8bc:	41 81       	ldd	r20, Z+1	; 0x01
     8be:	52 81       	ldd	r21, Z+2	; 0x02
     8c0:	63 81       	ldd	r22, Z+3	; 0x03
     8c2:	74 81       	ldd	r23, Z+4	; 0x04
     8c4:	04 1b       	sub	r16, r20
     8c6:	15 0b       	sbc	r17, r21
     8c8:	26 0b       	sbc	r18, r22
     8ca:	37 0b       	sbc	r19, r23
     8cc:	40 91 07 01 	lds	r20, 0x0107	; 0x800107 <WaitTime>
     8d0:	50 91 08 01 	lds	r21, 0x0108	; 0x800108 <WaitTime+0x1>
     8d4:	60 e0       	ldi	r22, 0x00	; 0
     8d6:	70 e0       	ldi	r23, 0x00	; 0
     8d8:	04 17       	cp	r16, r20
     8da:	15 07       	cpc	r17, r21
     8dc:	26 07       	cpc	r18, r22
     8de:	37 07       	cpc	r19, r23
     8e0:	08 f4       	brcc	.+2      	; 0x8e4 <HandleActuators+0x7e>
     8e2:	82 c0       	rjmp	.+260    	; 0x9e8 <__stack+0xe9>
     8e4:	fc 01       	movw	r30, r24
     8e6:	ee 0f       	add	r30, r30
     8e8:	ff 1f       	adc	r31, r31
     8ea:	ee 0f       	add	r30, r30
     8ec:	ff 1f       	adc	r31, r31
     8ee:	8e 0f       	add	r24, r30
     8f0:	9f 1f       	adc	r25, r31
     8f2:	fc 01       	movw	r30, r24
     8f4:	e9 5d       	subi	r30, 0xD9	; 217
     8f6:	fd 4f       	sbci	r31, 0xFD	; 253
     8f8:	82 e0       	ldi	r24, 0x02	; 2
     8fa:	80 83       	st	Z, r24
     8fc:	80 91 0e 02 	lds	r24, 0x020E	; 0x80020e <tick_ms>
     900:	90 91 0f 02 	lds	r25, 0x020F	; 0x80020f <tick_ms+0x1>
     904:	a0 91 10 02 	lds	r26, 0x0210	; 0x800210 <tick_ms+0x2>
     908:	b0 91 11 02 	lds	r27, 0x0211	; 0x800211 <tick_ms+0x3>
     90c:	81 83       	std	Z+1, r24	; 0x01
     90e:	92 83       	std	Z+2, r25	; 0x02
     910:	a3 83       	std	Z+3, r26	; 0x03
     912:	b4 83       	std	Z+4, r27	; 0x04
     914:	61 e0       	ldi	r22, 0x01	; 1
     916:	8c 2f       	mov	r24, r28
     918:	0e 94 f1 03 	call	0x7e2	; 0x7e2 <FireActuator>
     91c:	65 c0       	rjmp	.+202    	; 0x9e8 <__stack+0xe9>
     91e:	40 91 0e 02 	lds	r20, 0x020E	; 0x80020e <tick_ms>
     922:	50 91 0f 02 	lds	r21, 0x020F	; 0x80020f <tick_ms+0x1>
     926:	60 91 10 02 	lds	r22, 0x0210	; 0x800210 <tick_ms+0x2>
     92a:	70 91 11 02 	lds	r23, 0x0211	; 0x800211 <tick_ms+0x3>
     92e:	fc 01       	movw	r30, r24
     930:	ee 0f       	add	r30, r30
     932:	ff 1f       	adc	r31, r31
     934:	ee 0f       	add	r30, r30
     936:	ff 1f       	adc	r31, r31
     938:	e8 0f       	add	r30, r24
     93a:	f9 1f       	adc	r31, r25
     93c:	e9 5d       	subi	r30, 0xD9	; 217
     93e:	fd 4f       	sbci	r31, 0xFD	; 253
     940:	01 81       	ldd	r16, Z+1	; 0x01
     942:	12 81       	ldd	r17, Z+2	; 0x02
     944:	23 81       	ldd	r18, Z+3	; 0x03
     946:	34 81       	ldd	r19, Z+4	; 0x04
     948:	40 1b       	sub	r20, r16
     94a:	51 0b       	sbc	r21, r17
     94c:	62 0b       	sbc	r22, r18
     94e:	73 0b       	sbc	r23, r19
     950:	46 39       	cpi	r20, 0x96	; 150
     952:	51 05       	cpc	r21, r1
     954:	61 05       	cpc	r22, r1
     956:	71 05       	cpc	r23, r1
     958:	08 f4       	brcc	.+2      	; 0x95c <__stack+0x5d>
     95a:	46 c0       	rjmp	.+140    	; 0x9e8 <__stack+0xe9>
     95c:	fc 01       	movw	r30, r24
     95e:	ee 0f       	add	r30, r30
     960:	ff 1f       	adc	r31, r31
     962:	ee 0f       	add	r30, r30
     964:	ff 1f       	adc	r31, r31
     966:	8e 0f       	add	r24, r30
     968:	9f 1f       	adc	r25, r31
     96a:	fc 01       	movw	r30, r24
     96c:	e9 5d       	subi	r30, 0xD9	; 217
     96e:	fd 4f       	sbci	r31, 0xFD	; 253
     970:	83 e0       	ldi	r24, 0x03	; 3
     972:	80 83       	st	Z, r24
     974:	80 91 0e 02 	lds	r24, 0x020E	; 0x80020e <tick_ms>
     978:	90 91 0f 02 	lds	r25, 0x020F	; 0x80020f <tick_ms+0x1>
     97c:	a0 91 10 02 	lds	r26, 0x0210	; 0x800210 <tick_ms+0x2>
     980:	b0 91 11 02 	lds	r27, 0x0211	; 0x800211 <tick_ms+0x3>
     984:	81 83       	std	Z+1, r24	; 0x01
     986:	92 83       	std	Z+2, r25	; 0x02
     988:	a3 83       	std	Z+3, r26	; 0x03
     98a:	b4 83       	std	Z+4, r27	; 0x04
     98c:	2d c0       	rjmp	.+90     	; 0x9e8 <__stack+0xe9>
     98e:	40 91 0e 02 	lds	r20, 0x020E	; 0x80020e <tick_ms>
     992:	50 91 0f 02 	lds	r21, 0x020F	; 0x80020f <tick_ms+0x1>
     996:	60 91 10 02 	lds	r22, 0x0210	; 0x800210 <tick_ms+0x2>
     99a:	70 91 11 02 	lds	r23, 0x0211	; 0x800211 <tick_ms+0x3>
     99e:	fc 01       	movw	r30, r24
     9a0:	ee 0f       	add	r30, r30
     9a2:	ff 1f       	adc	r31, r31
     9a4:	ee 0f       	add	r30, r30
     9a6:	ff 1f       	adc	r31, r31
     9a8:	e8 0f       	add	r30, r24
     9aa:	f9 1f       	adc	r31, r25
     9ac:	e9 5d       	subi	r30, 0xD9	; 217
     9ae:	fd 4f       	sbci	r31, 0xFD	; 253
     9b0:	01 81       	ldd	r16, Z+1	; 0x01
     9b2:	12 81       	ldd	r17, Z+2	; 0x02
     9b4:	23 81       	ldd	r18, Z+3	; 0x03
     9b6:	34 81       	ldd	r19, Z+4	; 0x04
     9b8:	40 1b       	sub	r20, r16
     9ba:	51 0b       	sbc	r21, r17
     9bc:	62 0b       	sbc	r22, r18
     9be:	73 0b       	sbc	r23, r19
     9c0:	46 39       	cpi	r20, 0x96	; 150
     9c2:	51 05       	cpc	r21, r1
     9c4:	61 05       	cpc	r22, r1
     9c6:	71 05       	cpc	r23, r1
     9c8:	78 f0       	brcs	.+30     	; 0x9e8 <__stack+0xe9>
     9ca:	fc 01       	movw	r30, r24
     9cc:	ee 0f       	add	r30, r30
     9ce:	ff 1f       	adc	r31, r31
     9d0:	ee 0f       	add	r30, r30
     9d2:	ff 1f       	adc	r31, r31
     9d4:	8e 0f       	add	r24, r30
     9d6:	9f 1f       	adc	r25, r31
     9d8:	fc 01       	movw	r30, r24
     9da:	e9 5d       	subi	r30, 0xD9	; 217
     9dc:	fd 4f       	sbci	r31, 0xFD	; 253
     9de:	10 82       	st	Z, r1
     9e0:	60 e0       	ldi	r22, 0x00	; 0
     9e2:	8c 2f       	mov	r24, r28
     9e4:	0e 94 f1 03 	call	0x7e2	; 0x7e2 <FireActuator>
     9e8:	cf 5f       	subi	r28, 0xFF	; 255
     9ea:	c3 30       	cpi	r28, 0x03	; 3
     9ec:	08 f4       	brcc	.+2      	; 0x9f0 <__stack+0xf1>
     9ee:	40 cf       	rjmp	.-384    	; 0x870 <HandleActuators+0xa>
     9f0:	cf 91       	pop	r28
     9f2:	1f 91       	pop	r17
     9f4:	0f 91       	pop	r16
     9f6:	08 95       	ret

000009f8 <HandlePhysicalIRs>:
     9f8:	1f 93       	push	r17
     9fa:	cf 93       	push	r28
     9fc:	df 93       	push	r29
     9fe:	00 d0       	rcall	.+0      	; 0xa00 <HandlePhysicalIRs+0x8>
     a00:	cd b7       	in	r28, 0x3d	; 61
     a02:	de b7       	in	r29, 0x3e	; 62
     a04:	80 91 12 02 	lds	r24, 0x0212	; 0x800212 <sys_state>
     a08:	82 30       	cpi	r24, 0x02	; 2
     a0a:	09 f0       	breq	.+2      	; 0xa0e <HandlePhysicalIRs+0x16>
     a0c:	4e c0       	rjmp	.+156    	; 0xaaa <HandlePhysicalIRs+0xb2>
     a0e:	80 91 49 02 	lds	r24, 0x0249	; 0x800249 <Ev+0x13>
     a12:	88 23       	and	r24, r24
     a14:	09 f4       	brne	.+2      	; 0xa18 <HandlePhysicalIRs+0x20>
     a16:	49 c0       	rjmp	.+146    	; 0xaaa <HandlePhysicalIRs+0xb2>
     a18:	83 e1       	ldi	r24, 0x13	; 19
     a1a:	91 e0       	ldi	r25, 0x01	; 1
     a1c:	0e 94 8e 00 	call	0x11c	; 0x11c <TCRT5000_ReadDigital>
     a20:	18 2f       	mov	r17, r24
     a22:	81 11       	cpse	r24, r1
     a24:	0f c0       	rjmp	.+30     	; 0xa44 <HandlePhysicalIRs+0x4c>
     a26:	80 91 03 01 	lds	r24, 0x0103	; 0x800103 <last_ir0.2366>
     a2a:	81 30       	cpi	r24, 0x01	; 1
     a2c:	59 f4       	brne	.+22     	; 0xa44 <HandlePhysicalIRs+0x4c>
     a2e:	80 93 37 02 	sts	0x0237, r24	; 0x800237 <Ev+0x1>
     a32:	19 82       	std	Y+1, r1	; 0x01
     a34:	8a 83       	std	Y+2, r24	; 0x02
     a36:	42 e0       	ldi	r20, 0x02	; 2
     a38:	be 01       	movw	r22, r28
     a3a:	6f 5f       	subi	r22, 0xFF	; 255
     a3c:	7f 4f       	sbci	r23, 0xFF	; 255
     a3e:	8e e5       	ldi	r24, 0x5E	; 94
     a40:	0e 94 61 08 	call	0x10c2	; 0x10c2 <Protocol_SendSimuCMD>
     a44:	10 93 03 01 	sts	0x0103, r17	; 0x800103 <last_ir0.2366>
     a48:	8e e0       	ldi	r24, 0x0E	; 14
     a4a:	91 e0       	ldi	r25, 0x01	; 1
     a4c:	0e 94 8e 00 	call	0x11c	; 0x11c <TCRT5000_ReadDigital>
     a50:	18 2f       	mov	r17, r24
     a52:	81 11       	cpse	r24, r1
     a54:	0f c0       	rjmp	.+30     	; 0xa74 <HandlePhysicalIRs+0x7c>
     a56:	80 91 02 01 	lds	r24, 0x0102	; 0x800102 <last_ir1.2367>
     a5a:	81 30       	cpi	r24, 0x01	; 1
     a5c:	59 f4       	brne	.+22     	; 0xa74 <HandlePhysicalIRs+0x7c>
     a5e:	80 93 38 02 	sts	0x0238, r24	; 0x800238 <Ev+0x2>
     a62:	89 83       	std	Y+1, r24	; 0x01
     a64:	8a 83       	std	Y+2, r24	; 0x02
     a66:	42 e0       	ldi	r20, 0x02	; 2
     a68:	be 01       	movw	r22, r28
     a6a:	6f 5f       	subi	r22, 0xFF	; 255
     a6c:	7f 4f       	sbci	r23, 0xFF	; 255
     a6e:	8e e5       	ldi	r24, 0x5E	; 94
     a70:	0e 94 61 08 	call	0x10c2	; 0x10c2 <Protocol_SendSimuCMD>
     a74:	10 93 02 01 	sts	0x0102, r17	; 0x800102 <last_ir1.2367>
     a78:	89 e0       	ldi	r24, 0x09	; 9
     a7a:	91 e0       	ldi	r25, 0x01	; 1
     a7c:	0e 94 8e 00 	call	0x11c	; 0x11c <TCRT5000_ReadDigital>
     a80:	18 2f       	mov	r17, r24
     a82:	81 11       	cpse	r24, r1
     a84:	10 c0       	rjmp	.+32     	; 0xaa6 <HandlePhysicalIRs+0xae>
     a86:	80 91 01 01 	lds	r24, 0x0101	; 0x800101 <last_ir2.2368>
     a8a:	81 30       	cpi	r24, 0x01	; 1
     a8c:	61 f4       	brne	.+24     	; 0xaa6 <HandlePhysicalIRs+0xae>
     a8e:	80 93 39 02 	sts	0x0239, r24	; 0x800239 <Ev+0x3>
     a92:	92 e0       	ldi	r25, 0x02	; 2
     a94:	99 83       	std	Y+1, r25	; 0x01
     a96:	8a 83       	std	Y+2, r24	; 0x02
     a98:	42 e0       	ldi	r20, 0x02	; 2
     a9a:	be 01       	movw	r22, r28
     a9c:	6f 5f       	subi	r22, 0xFF	; 255
     a9e:	7f 4f       	sbci	r23, 0xFF	; 255
     aa0:	8e e5       	ldi	r24, 0x5E	; 94
     aa2:	0e 94 61 08 	call	0x10c2	; 0x10c2 <Protocol_SendSimuCMD>
     aa6:	10 93 01 01 	sts	0x0101, r17	; 0x800101 <last_ir2.2368>
     aaa:	0f 90       	pop	r0
     aac:	0f 90       	pop	r0
     aae:	df 91       	pop	r29
     ab0:	cf 91       	pop	r28
     ab2:	1f 91       	pop	r17
     ab4:	08 95       	ret

00000ab6 <HCRS04>:
     ab6:	cf 93       	push	r28
     ab8:	df 93       	push	r29
     aba:	1f 92       	push	r1
     abc:	cd b7       	in	r28, 0x3d	; 61
     abe:	de b7       	in	r29, 0x3e	; 62
     ac0:	80 91 70 02 	lds	r24, 0x0270	; 0x800270 <SensorCajas+0x6>
     ac4:	88 23       	and	r24, r24
     ac6:	d9 f0       	breq	.+54     	; 0xafe <HCRS04+0x48>
     ac8:	80 91 0e 02 	lds	r24, 0x020E	; 0x80020e <tick_ms>
     acc:	90 91 0f 02 	lds	r25, 0x020F	; 0x80020f <tick_ms+0x1>
     ad0:	a0 91 10 02 	lds	r26, 0x0210	; 0x800210 <tick_ms+0x2>
     ad4:	b0 91 11 02 	lds	r27, 0x0211	; 0x800211 <tick_ms+0x3>
     ad8:	40 91 54 02 	lds	r20, 0x0254	; 0x800254 <last_sensor_trigger>
     adc:	50 91 55 02 	lds	r21, 0x0255	; 0x800255 <last_sensor_trigger+0x1>
     ae0:	60 91 56 02 	lds	r22, 0x0256	; 0x800256 <last_sensor_trigger+0x2>
     ae4:	70 91 57 02 	lds	r23, 0x0257	; 0x800257 <last_sensor_trigger+0x3>
     ae8:	84 1b       	sub	r24, r20
     aea:	95 0b       	sbc	r25, r21
     aec:	a6 0b       	sbc	r26, r22
     aee:	b7 0b       	sbc	r27, r23
     af0:	85 36       	cpi	r24, 0x65	; 101
     af2:	91 05       	cpc	r25, r1
     af4:	a1 05       	cpc	r26, r1
     af6:	b1 05       	cpc	r27, r1
     af8:	10 f0       	brcs	.+4      	; 0xafe <HCRS04+0x48>
     afa:	10 92 70 02 	sts	0x0270, r1	; 0x800270 <SensorCajas+0x6>
     afe:	88 e1       	ldi	r24, 0x18	; 24
     b00:	91 e0       	ldi	r25, 0x01	; 1
     b02:	0e 94 8e 00 	call	0x11c	; 0x11c <TCRT5000_ReadDigital>
     b06:	90 91 12 02 	lds	r25, 0x0212	; 0x800212 <sys_state>
     b0a:	92 30       	cpi	r25, 0x02	; 2
     b0c:	09 f5       	brne	.+66     	; 0xb50 <HCRS04+0x9a>
     b0e:	90 91 49 02 	lds	r25, 0x0249	; 0x800249 <Ev+0x13>
     b12:	99 23       	and	r25, r25
     b14:	e9 f0       	breq	.+58     	; 0xb50 <HCRS04+0x9a>
     b16:	81 11       	cpse	r24, r1
     b18:	1b c0       	rjmp	.+54     	; 0xb50 <HCRS04+0x9a>
     b1a:	90 91 00 01 	lds	r25, 0x0100	; 0x800100 <__DATA_REGION_ORIGIN__>
     b1e:	91 30       	cpi	r25, 0x01	; 1
     b20:	b9 f4       	brne	.+46     	; 0xb50 <HCRS04+0x9a>
     b22:	90 91 70 02 	lds	r25, 0x0270	; 0x800270 <SensorCajas+0x6>
     b26:	91 11       	cpse	r25, r1
     b28:	13 c0       	rjmp	.+38     	; 0xb50 <HCRS04+0x9a>
     b2a:	91 e0       	ldi	r25, 0x01	; 1
     b2c:	90 93 70 02 	sts	0x0270, r25	; 0x800270 <SensorCajas+0x6>
     b30:	40 91 0e 02 	lds	r20, 0x020E	; 0x80020e <tick_ms>
     b34:	50 91 0f 02 	lds	r21, 0x020F	; 0x80020f <tick_ms+0x1>
     b38:	60 91 10 02 	lds	r22, 0x0210	; 0x800210 <tick_ms+0x2>
     b3c:	70 91 11 02 	lds	r23, 0x0211	; 0x800211 <tick_ms+0x3>
     b40:	40 93 54 02 	sts	0x0254, r20	; 0x800254 <last_sensor_trigger>
     b44:	50 93 55 02 	sts	0x0255, r21	; 0x800255 <last_sensor_trigger+0x1>
     b48:	60 93 56 02 	sts	0x0256, r22	; 0x800256 <last_sensor_trigger+0x2>
     b4c:	70 93 57 02 	sts	0x0257, r23	; 0x800257 <last_sensor_trigger+0x3>
     b50:	80 93 00 01 	sts	0x0100, r24	; 0x800100 <__DATA_REGION_ORIGIN__>
     b54:	8a e6       	ldi	r24, 0x6A	; 106
     b56:	92 e0       	ldi	r25, 0x02	; 2
     b58:	0e 94 a5 00 	call	0x14a	; 0x14a <HCSR04_Process>
     b5c:	80 91 70 02 	lds	r24, 0x0270	; 0x800270 <SensorCajas+0x6>
     b60:	85 30       	cpi	r24, 0x05	; 5
     b62:	b1 f5       	brne	.+108    	; 0xbd0 <HCRS04+0x11a>
     b64:	80 91 75 02 	lds	r24, 0x0275	; 0x800275 <SensorCajas+0xb>
     b68:	90 91 76 02 	lds	r25, 0x0276	; 0x800276 <SensorCajas+0xc>
     b6c:	9c 01       	movw	r18, r24
     b6e:	23 50       	subi	r18, 0x03	; 3
     b70:	31 09       	sbc	r19, r1
     b72:	24 30       	cpi	r18, 0x04	; 4
     b74:	31 05       	cpc	r19, r1
     b76:	38 f4       	brcc	.+14     	; 0xb86 <HCRS04+0xd0>
     b78:	86 e0       	ldi	r24, 0x06	; 6
     b7a:	80 93 06 02 	sts	0x0206, r24	; 0x800206 <lastboxtype>
     b7e:	81 e0       	ldi	r24, 0x01	; 1
     b80:	80 93 36 02 	sts	0x0236, r24	; 0x800236 <Ev>
     b84:	16 c0       	rjmp	.+44     	; 0xbb2 <HCRS04+0xfc>
     b86:	ac 01       	movw	r20, r24
     b88:	47 50       	subi	r20, 0x07	; 7
     b8a:	51 09       	sbc	r21, r1
     b8c:	42 30       	cpi	r20, 0x02	; 2
     b8e:	51 05       	cpc	r21, r1
     b90:	38 f4       	brcc	.+14     	; 0xba0 <HCRS04+0xea>
     b92:	88 e0       	ldi	r24, 0x08	; 8
     b94:	80 93 06 02 	sts	0x0206, r24	; 0x800206 <lastboxtype>
     b98:	81 e0       	ldi	r24, 0x01	; 1
     b9a:	80 93 36 02 	sts	0x0236, r24	; 0x800236 <Ev>
     b9e:	09 c0       	rjmp	.+18     	; 0xbb2 <HCRS04+0xfc>
     ba0:	09 97       	sbiw	r24, 0x09	; 9
     ba2:	02 97       	sbiw	r24, 0x02	; 2
     ba4:	30 f4       	brcc	.+12     	; 0xbb2 <HCRS04+0xfc>
     ba6:	8a e0       	ldi	r24, 0x0A	; 10
     ba8:	80 93 06 02 	sts	0x0206, r24	; 0x800206 <lastboxtype>
     bac:	81 e0       	ldi	r24, 0x01	; 1
     bae:	80 93 36 02 	sts	0x0236, r24	; 0x800236 <Ev>
     bb2:	28 30       	cpi	r18, 0x08	; 8
     bb4:	31 05       	cpc	r19, r1
     bb6:	50 f4       	brcc	.+20     	; 0xbcc <HCRS04+0x116>
     bb8:	80 91 06 02 	lds	r24, 0x0206	; 0x800206 <lastboxtype>
     bbc:	89 83       	std	Y+1, r24	; 0x01
     bbe:	41 e0       	ldi	r20, 0x01	; 1
     bc0:	be 01       	movw	r22, r28
     bc2:	6f 5f       	subi	r22, 0xFF	; 255
     bc4:	7f 4f       	sbci	r23, 0xFF	; 255
     bc6:	8f e5       	ldi	r24, 0x5F	; 95
     bc8:	0e 94 61 08 	call	0x10c2	; 0x10c2 <Protocol_SendSimuCMD>
     bcc:	10 92 70 02 	sts	0x0270, r1	; 0x800270 <SensorCajas+0x6>
     bd0:	0f 90       	pop	r0
     bd2:	df 91       	pop	r29
     bd4:	cf 91       	pop	r28
     bd6:	08 95       	ret

00000bd8 <HandlePendingReplies>:
     bd8:	cf 93       	push	r28
     bda:	df 93       	push	r29
     bdc:	00 d0       	rcall	.+0      	; 0xbde <HandlePendingReplies+0x6>
     bde:	cd b7       	in	r28, 0x3d	; 61
     be0:	de b7       	in	r29, 0x3e	; 62
     be2:	80 91 43 02 	lds	r24, 0x0243	; 0x800243 <Ev+0xd>
     be6:	88 23       	and	r24, r24
     be8:	59 f0       	breq	.+22     	; 0xc00 <HandlePendingReplies+0x28>
     bea:	10 92 43 02 	sts	0x0243, r1	; 0x800243 <Ev+0xd>
     bee:	83 e0       	ldi	r24, 0x03	; 3
     bf0:	80 93 12 02 	sts	0x0212, r24	; 0x800212 <sys_state>
     bf4:	40 e0       	ldi	r20, 0x00	; 0
     bf6:	60 e0       	ldi	r22, 0x00	; 0
     bf8:	70 e0       	ldi	r23, 0x00	; 0
     bfa:	81 e5       	ldi	r24, 0x51	; 81
     bfc:	0e 94 61 08 	call	0x10c2	; 0x10c2 <Protocol_SendSimuCMD>
     c00:	80 91 3f 02 	lds	r24, 0x023F	; 0x80023f <Ev+0x9>
     c04:	88 23       	and	r24, r24
     c06:	41 f0       	breq	.+16     	; 0xc18 <HandlePendingReplies+0x40>
     c08:	10 92 3f 02 	sts	0x023F, r1	; 0x80023f <Ev+0x9>
     c0c:	40 e0       	ldi	r20, 0x00	; 0
     c0e:	60 e0       	ldi	r22, 0x00	; 0
     c10:	70 e0       	ldi	r23, 0x00	; 0
     c12:	80 ef       	ldi	r24, 0xF0	; 240
     c14:	0e 94 61 08 	call	0x10c2	; 0x10c2 <Protocol_SendSimuCMD>
     c18:	80 91 40 02 	lds	r24, 0x0240	; 0x800240 <Ev+0xa>
     c1c:	88 23       	and	r24, r24
     c1e:	41 f0       	breq	.+16     	; 0xc30 <HandlePendingReplies+0x58>
     c20:	10 92 40 02 	sts	0x0240, r1	; 0x800240 <Ev+0xa>
     c24:	40 e0       	ldi	r20, 0x00	; 0
     c26:	60 e0       	ldi	r22, 0x00	; 0
     c28:	70 e0       	ldi	r23, 0x00	; 0
     c2a:	80 e5       	ldi	r24, 0x50	; 80
     c2c:	0e 94 61 08 	call	0x10c2	; 0x10c2 <Protocol_SendSimuCMD>
     c30:	80 91 41 02 	lds	r24, 0x0241	; 0x800241 <Ev+0xb>
     c34:	88 23       	and	r24, r24
     c36:	41 f0       	breq	.+16     	; 0xc48 <HandlePendingReplies+0x70>
     c38:	10 92 41 02 	sts	0x0241, r1	; 0x800241 <Ev+0xb>
     c3c:	40 e0       	ldi	r20, 0x00	; 0
     c3e:	60 e0       	ldi	r22, 0x00	; 0
     c40:	70 e0       	ldi	r23, 0x00	; 0
     c42:	81 e5       	ldi	r24, 0x51	; 81
     c44:	0e 94 61 08 	call	0x10c2	; 0x10c2 <Protocol_SendSimuCMD>
     c48:	80 91 42 02 	lds	r24, 0x0242	; 0x800242 <Ev+0xc>
     c4c:	88 23       	and	r24, r24
     c4e:	41 f0       	breq	.+16     	; 0xc60 <HandlePendingReplies+0x88>
     c50:	10 92 42 02 	sts	0x0242, r1	; 0x800242 <Ev+0xc>
     c54:	40 e0       	ldi	r20, 0x00	; 0
     c56:	60 e0       	ldi	r22, 0x00	; 0
     c58:	70 e0       	ldi	r23, 0x00	; 0
     c5a:	83 e5       	ldi	r24, 0x53	; 83
     c5c:	0e 94 61 08 	call	0x10c2	; 0x10c2 <Protocol_SendSimuCMD>
     c60:	80 91 44 02 	lds	r24, 0x0244	; 0x800244 <Ev+0xe>
     c64:	88 23       	and	r24, r24
     c66:	41 f0       	breq	.+16     	; 0xc78 <HandlePendingReplies+0xa0>
     c68:	10 92 44 02 	sts	0x0244, r1	; 0x800244 <Ev+0xe>
     c6c:	40 e0       	ldi	r20, 0x00	; 0
     c6e:	60 e0       	ldi	r22, 0x00	; 0
     c70:	70 e0       	ldi	r23, 0x00	; 0
     c72:	80 e4       	ldi	r24, 0x40	; 64
     c74:	0e 94 61 08 	call	0x10c2	; 0x10c2 <Protocol_SendSimuCMD>
     c78:	80 91 45 02 	lds	r24, 0x0245	; 0x800245 <Ev+0xf>
     c7c:	88 23       	and	r24, r24
     c7e:	41 f0       	breq	.+16     	; 0xc90 <HandlePendingReplies+0xb8>
     c80:	10 92 45 02 	sts	0x0245, r1	; 0x800245 <Ev+0xf>
     c84:	40 e0       	ldi	r20, 0x00	; 0
     c86:	60 e0       	ldi	r22, 0x00	; 0
     c88:	70 e0       	ldi	r23, 0x00	; 0
     c8a:	8a e5       	ldi	r24, 0x5A	; 90
     c8c:	0e 94 61 08 	call	0x10c2	; 0x10c2 <Protocol_SendSimuCMD>
     c90:	80 91 46 02 	lds	r24, 0x0246	; 0x800246 <Ev+0x10>
     c94:	88 23       	and	r24, r24
     c96:	59 f0       	breq	.+22     	; 0xcae <HandlePendingReplies+0xd6>
     c98:	10 92 46 02 	sts	0x0246, r1	; 0x800246 <Ev+0x10>
     c9c:	8d e0       	ldi	r24, 0x0D	; 13
     c9e:	89 83       	std	Y+1, r24	; 0x01
     ca0:	41 e0       	ldi	r20, 0x01	; 1
     ca2:	be 01       	movw	r22, r28
     ca4:	6f 5f       	subi	r22, 0xFF	; 255
     ca6:	7f 4f       	sbci	r23, 0xFF	; 255
     ca8:	80 ef       	ldi	r24, 0xF0	; 240
     caa:	0e 94 61 08 	call	0x10c2	; 0x10c2 <Protocol_SendSimuCMD>
     cae:	80 91 47 02 	lds	r24, 0x0247	; 0x800247 <Ev+0x11>
     cb2:	88 23       	and	r24, r24
     cb4:	59 f0       	breq	.+22     	; 0xccc <HandlePendingReplies+0xf4>
     cb6:	10 92 47 02 	sts	0x0247, r1	; 0x800247 <Ev+0x11>
     cba:	8d e0       	ldi	r24, 0x0D	; 13
     cbc:	89 83       	std	Y+1, r24	; 0x01
     cbe:	41 e0       	ldi	r20, 0x01	; 1
     cc0:	be 01       	movw	r22, r28
     cc2:	6f 5f       	subi	r22, 0xFF	; 255
     cc4:	7f 4f       	sbci	r23, 0xFF	; 255
     cc6:	84 e5       	ldi	r24, 0x54	; 84
     cc8:	0e 94 61 08 	call	0x10c2	; 0x10c2 <Protocol_SendSimuCMD>
     ccc:	80 91 48 02 	lds	r24, 0x0248	; 0x800248 <Ev+0x12>
     cd0:	88 23       	and	r24, r24
     cd2:	99 f0       	breq	.+38     	; 0xcfa <HandlePendingReplies+0x122>
     cd4:	10 92 48 02 	sts	0x0248, r1	; 0x800248 <Ev+0x12>
     cd8:	80 91 07 01 	lds	r24, 0x0107	; 0x800107 <WaitTime>
     cdc:	90 91 08 01 	lds	r25, 0x0108	; 0x800108 <WaitTime+0x1>
     ce0:	89 83       	std	Y+1, r24	; 0x01
     ce2:	80 91 07 01 	lds	r24, 0x0107	; 0x800107 <WaitTime>
     ce6:	90 91 08 01 	lds	r25, 0x0108	; 0x800108 <WaitTime+0x1>
     cea:	9a 83       	std	Y+2, r25	; 0x02
     cec:	42 e0       	ldi	r20, 0x02	; 2
     cee:	be 01       	movw	r22, r28
     cf0:	6f 5f       	subi	r22, 0xFF	; 255
     cf2:	7f 4f       	sbci	r23, 0xFF	; 255
     cf4:	85 e5       	ldi	r24, 0x55	; 85
     cf6:	0e 94 61 08 	call	0x10c2	; 0x10c2 <Protocol_SendSimuCMD>
     cfa:	0f 90       	pop	r0
     cfc:	0f 90       	pop	r0
     cfe:	df 91       	pop	r29
     d00:	cf 91       	pop	r28
     d02:	08 95       	ret

00000d04 <Protocol_DecodeCMD>:
     d04:	90 e0       	ldi	r25, 0x00	; 0
     d06:	1c c0       	rjmp	.+56     	; 0xd40 <Protocol_DecodeCMD+0x3c>
     d08:	29 2f       	mov	r18, r25
     d0a:	30 e0       	ldi	r19, 0x00	; 0
     d0c:	f9 01       	movw	r30, r18
     d0e:	ee 0f       	add	r30, r30
     d10:	ff 1f       	adc	r31, r31
     d12:	e2 0f       	add	r30, r18
     d14:	f3 1f       	adc	r31, r19
     d16:	e1 52       	subi	r30, 0x21	; 33
     d18:	fe 4f       	sbci	r31, 0xFE	; 254
     d1a:	40 81       	ld	r20, Z
     d1c:	48 13       	cpse	r20, r24
     d1e:	0f c0       	rjmp	.+30     	; 0xd3e <Protocol_DecodeCMD+0x3a>
     d20:	f9 01       	movw	r30, r18
     d22:	ee 0f       	add	r30, r30
     d24:	ff 1f       	adc	r31, r31
     d26:	2e 0f       	add	r18, r30
     d28:	3f 1f       	adc	r19, r31
     d2a:	f9 01       	movw	r30, r18
     d2c:	e1 52       	subi	r30, 0x21	; 33
     d2e:	fe 4f       	sbci	r31, 0xFE	; 254
     d30:	01 80       	ldd	r0, Z+1	; 0x01
     d32:	f2 81       	ldd	r31, Z+2	; 0x02
     d34:	e0 2d       	mov	r30, r0
     d36:	30 97       	sbiw	r30, 0x00	; 0
     d38:	49 f0       	breq	.+18     	; 0xd4c <Protocol_DecodeCMD+0x48>
     d3a:	09 95       	icall
     d3c:	08 95       	ret
     d3e:	9f 5f       	subi	r25, 0xFF	; 255
     d40:	9a 30       	cpi	r25, 0x0A	; 10
     d42:	10 f3       	brcs	.-60     	; 0xd08 <Protocol_DecodeCMD+0x4>
     d44:	8d e1       	ldi	r24, 0x1D	; 29
     d46:	91 e0       	ldi	r25, 0x01	; 1
     d48:	0e 94 54 08 	call	0x10a8	; 0x10a8 <Protocol_TxSendString>
     d4c:	08 95       	ret

00000d4e <UpdateDebugLEDs>:
     d4e:	80 91 12 02 	lds	r24, 0x0212	; 0x800212 <sys_state>
     d52:	81 30       	cpi	r24, 0x01	; 1
     d54:	11 f1       	breq	.+68     	; 0xd9a <UpdateDebugLEDs+0x4c>
     d56:	30 f0       	brcs	.+12     	; 0xd64 <UpdateDebugLEDs+0x16>
     d58:	82 30       	cpi	r24, 0x02	; 2
     d5a:	19 f1       	breq	.+70     	; 0xda2 <UpdateDebugLEDs+0x54>
     d5c:	83 30       	cpi	r24, 0x03	; 3
     d5e:	09 f4       	brne	.+2      	; 0xd62 <UpdateDebugLEDs+0x14>
     d60:	4f c0       	rjmp	.+158    	; 0xe00 <UpdateDebugLEDs+0xb2>
     d62:	08 95       	ret
     d64:	60 91 0e 02 	lds	r22, 0x020E	; 0x80020e <tick_ms>
     d68:	70 91 0f 02 	lds	r23, 0x020F	; 0x80020f <tick_ms+0x1>
     d6c:	80 91 10 02 	lds	r24, 0x0210	; 0x800210 <tick_ms+0x2>
     d70:	90 91 11 02 	lds	r25, 0x0211	; 0x800211 <tick_ms+0x3>
     d74:	20 ed       	ldi	r18, 0xD0	; 208
     d76:	37 e0       	ldi	r19, 0x07	; 7
     d78:	40 e0       	ldi	r20, 0x00	; 0
     d7a:	50 e0       	ldi	r21, 0x00	; 0
     d7c:	0e 94 d8 0a 	call	0x15b0	; 0x15b0 <__udivmodsi4>
     d80:	64 36       	cpi	r22, 0x64	; 100
     d82:	71 05       	cpc	r23, r1
     d84:	81 05       	cpc	r24, r1
     d86:	91 05       	cpc	r25, r1
     d88:	20 f4       	brcc	.+8      	; 0xd92 <UpdateDebugLEDs+0x44>
     d8a:	85 b1       	in	r24, 0x05	; 5
     d8c:	80 62       	ori	r24, 0x20	; 32
     d8e:	85 b9       	out	0x05, r24	; 5
     d90:	08 95       	ret
     d92:	85 b1       	in	r24, 0x05	; 5
     d94:	8f 7d       	andi	r24, 0xDF	; 223
     d96:	85 b9       	out	0x05, r24	; 5
     d98:	08 95       	ret
     d9a:	85 b1       	in	r24, 0x05	; 5
     d9c:	80 62       	ori	r24, 0x20	; 32
     d9e:	85 b9       	out	0x05, r24	; 5
     da0:	08 95       	ret
     da2:	80 91 0e 02 	lds	r24, 0x020E	; 0x80020e <tick_ms>
     da6:	90 91 0f 02 	lds	r25, 0x020F	; 0x80020f <tick_ms+0x1>
     daa:	a0 91 10 02 	lds	r26, 0x0210	; 0x800210 <tick_ms+0x2>
     dae:	b0 91 11 02 	lds	r27, 0x0211	; 0x800211 <tick_ms+0x3>
     db2:	40 91 0a 02 	lds	r20, 0x020A	; 0x80020a <debug_led_ts>
     db6:	50 91 0b 02 	lds	r21, 0x020B	; 0x80020b <debug_led_ts+0x1>
     dba:	60 91 0c 02 	lds	r22, 0x020C	; 0x80020c <debug_led_ts+0x2>
     dbe:	70 91 0d 02 	lds	r23, 0x020D	; 0x80020d <debug_led_ts+0x3>
     dc2:	84 1b       	sub	r24, r20
     dc4:	95 0b       	sbc	r25, r21
     dc6:	a6 0b       	sbc	r26, r22
     dc8:	b7 0b       	sbc	r27, r23
     dca:	84 36       	cpi	r24, 0x64	; 100
     dcc:	91 05       	cpc	r25, r1
     dce:	a1 05       	cpc	r26, r1
     dd0:	b1 05       	cpc	r27, r1
     dd2:	08 f4       	brcc	.+2      	; 0xdd6 <UpdateDebugLEDs+0x88>
     dd4:	42 c0       	rjmp	.+132    	; 0xe5a <UpdateDebugLEDs+0x10c>
     dd6:	95 b1       	in	r25, 0x05	; 5
     dd8:	80 e2       	ldi	r24, 0x20	; 32
     dda:	89 27       	eor	r24, r25
     ddc:	85 b9       	out	0x05, r24	; 5
     dde:	80 91 0e 02 	lds	r24, 0x020E	; 0x80020e <tick_ms>
     de2:	90 91 0f 02 	lds	r25, 0x020F	; 0x80020f <tick_ms+0x1>
     de6:	a0 91 10 02 	lds	r26, 0x0210	; 0x800210 <tick_ms+0x2>
     dea:	b0 91 11 02 	lds	r27, 0x0211	; 0x800211 <tick_ms+0x3>
     dee:	80 93 0a 02 	sts	0x020A, r24	; 0x80020a <debug_led_ts>
     df2:	90 93 0b 02 	sts	0x020B, r25	; 0x80020b <debug_led_ts+0x1>
     df6:	a0 93 0c 02 	sts	0x020C, r26	; 0x80020c <debug_led_ts+0x2>
     dfa:	b0 93 0d 02 	sts	0x020D, r27	; 0x80020d <debug_led_ts+0x3>
     dfe:	08 95       	ret
     e00:	80 91 0e 02 	lds	r24, 0x020E	; 0x80020e <tick_ms>
     e04:	90 91 0f 02 	lds	r25, 0x020F	; 0x80020f <tick_ms+0x1>
     e08:	a0 91 10 02 	lds	r26, 0x0210	; 0x800210 <tick_ms+0x2>
     e0c:	b0 91 11 02 	lds	r27, 0x0211	; 0x800211 <tick_ms+0x3>
     e10:	40 91 0a 02 	lds	r20, 0x020A	; 0x80020a <debug_led_ts>
     e14:	50 91 0b 02 	lds	r21, 0x020B	; 0x80020b <debug_led_ts+0x1>
     e18:	60 91 0c 02 	lds	r22, 0x020C	; 0x80020c <debug_led_ts+0x2>
     e1c:	70 91 0d 02 	lds	r23, 0x020D	; 0x80020d <debug_led_ts+0x3>
     e20:	84 1b       	sub	r24, r20
     e22:	95 0b       	sbc	r25, r21
     e24:	a6 0b       	sbc	r26, r22
     e26:	b7 0b       	sbc	r27, r23
     e28:	84 3f       	cpi	r24, 0xF4	; 244
     e2a:	91 40       	sbci	r25, 0x01	; 1
     e2c:	a1 05       	cpc	r26, r1
     e2e:	b1 05       	cpc	r27, r1
     e30:	a0 f0       	brcs	.+40     	; 0xe5a <UpdateDebugLEDs+0x10c>
     e32:	95 b1       	in	r25, 0x05	; 5
     e34:	80 e2       	ldi	r24, 0x20	; 32
     e36:	89 27       	eor	r24, r25
     e38:	85 b9       	out	0x05, r24	; 5
     e3a:	80 91 0e 02 	lds	r24, 0x020E	; 0x80020e <tick_ms>
     e3e:	90 91 0f 02 	lds	r25, 0x020F	; 0x80020f <tick_ms+0x1>
     e42:	a0 91 10 02 	lds	r26, 0x0210	; 0x800210 <tick_ms+0x2>
     e46:	b0 91 11 02 	lds	r27, 0x0211	; 0x800211 <tick_ms+0x3>
     e4a:	80 93 0a 02 	sts	0x020A, r24	; 0x80020a <debug_led_ts>
     e4e:	90 93 0b 02 	sts	0x020B, r25	; 0x80020b <debug_led_ts+0x1>
     e52:	a0 93 0c 02 	sts	0x020C, r26	; 0x80020c <debug_led_ts+0x2>
     e56:	b0 93 0d 02 	sts	0x020D, r27	; 0x80020d <debug_led_ts+0x3>
     e5a:	08 95       	ret

00000e5c <InitUART0>:
     e5c:	82 e0       	ldi	r24, 0x02	; 2
     e5e:	80 93 c0 00 	sts	0x00C0, r24	; 0x8000c0 <__TEXT_REGION_LENGTH__+0x7f80c0>
     e62:	80 e1       	ldi	r24, 0x10	; 16
     e64:	90 e0       	ldi	r25, 0x00	; 0
     e66:	90 93 c5 00 	sts	0x00C5, r25	; 0x8000c5 <__TEXT_REGION_LENGTH__+0x7f80c5>
     e6a:	80 93 c4 00 	sts	0x00C4, r24	; 0x8000c4 <__TEXT_REGION_LENGTH__+0x7f80c4>
     e6e:	86 e0       	ldi	r24, 0x06	; 6
     e70:	80 93 c2 00 	sts	0x00C2, r24	; 0x8000c2 <__TEXT_REGION_LENGTH__+0x7f80c2>
     e74:	88 e9       	ldi	r24, 0x98	; 152
     e76:	80 93 c1 00 	sts	0x00C1, r24	; 0x8000c1 <__TEXT_REGION_LENGTH__+0x7f80c1>
     e7a:	08 95       	ret

00000e7c <InitPort>:
     e7c:	84 b1       	in	r24, 0x04	; 4
     e7e:	80 62       	ori	r24, 0x20	; 32
     e80:	84 b9       	out	0x04, r24	; 4
     e82:	84 b1       	in	r24, 0x04	; 4
     e84:	88 7f       	andi	r24, 0xF8	; 248
     e86:	84 b9       	out	0x04, r24	; 4
     e88:	85 b1       	in	r24, 0x05	; 5
     e8a:	87 60       	ori	r24, 0x07	; 7
     e8c:	85 b9       	out	0x05, r24	; 5
     e8e:	87 b1       	in	r24, 0x07	; 7
     e90:	80 7f       	andi	r24, 0xF0	; 240
     e92:	87 b9       	out	0x07, r24	; 7
     e94:	88 b1       	in	r24, 0x08	; 8
     e96:	80 7f       	andi	r24, 0xF0	; 240
     e98:	88 b9       	out	0x08, r24	; 8
     e9a:	8a b1       	in	r24, 0x0a	; 10
     e9c:	8c 61       	ori	r24, 0x1C	; 28
     e9e:	8a b9       	out	0x0a, r24	; 10
     ea0:	8a b1       	in	r24, 0x0a	; 10
     ea2:	8f 7b       	andi	r24, 0xBF	; 191
     ea4:	8a b9       	out	0x0a, r24	; 10
     ea6:	8a b1       	in	r24, 0x0a	; 10
     ea8:	80 68       	ori	r24, 0x80	; 128
     eaa:	8a b9       	out	0x0a, r24	; 10
     eac:	08 95       	ret

00000eae <InitTimer0>:
     eae:	82 e0       	ldi	r24, 0x02	; 2
     eb0:	84 bd       	out	0x24, r24	; 36
     eb2:	94 e0       	ldi	r25, 0x04	; 4
     eb4:	95 bd       	out	0x25, r25	; 37
     eb6:	9c e7       	ldi	r25, 0x7C	; 124
     eb8:	97 bd       	out	0x27, r25	; 39
     eba:	80 93 6e 00 	sts	0x006E, r24	; 0x80006e <__TEXT_REGION_LENGTH__+0x7f806e>
     ebe:	08 95       	ret

00000ec0 <InitTimer1>:
     ec0:	10 92 80 00 	sts	0x0080, r1	; 0x800080 <__TEXT_REGION_LENGTH__+0x7f8080>
     ec4:	82 e0       	ldi	r24, 0x02	; 2
     ec6:	80 93 81 00 	sts	0x0081, r24	; 0x800081 <__TEXT_REGION_LENGTH__+0x7f8081>
     eca:	81 e0       	ldi	r24, 0x01	; 1
     ecc:	80 93 6f 00 	sts	0x006F, r24	; 0x80006f <__TEXT_REGION_LENGTH__+0x7f806f>
     ed0:	08 95       	ret

00000ed2 <__vector_14>:
/*
 * Timer0 CTC — Base de tiempo del sistema.
 * Se dispara cada 2 ms (F_CPU=16MHz, prescaler=256, OCR0A=124).
 * Incrementa tick_ms que usan los módulos de actuadores y debug.
 */
ISR(TIMER0_COMPA_vect) {
     ed2:	1f 92       	push	r1
     ed4:	0f 92       	push	r0
     ed6:	0f b6       	in	r0, 0x3f	; 63
     ed8:	0f 92       	push	r0
     eda:	11 24       	eor	r1, r1
     edc:	8f 93       	push	r24
     ede:	9f 93       	push	r25
     ee0:	af 93       	push	r26
     ee2:	bf 93       	push	r27
    tick_ms += 2;
     ee4:	80 91 0e 02 	lds	r24, 0x020E	; 0x80020e <tick_ms>
     ee8:	90 91 0f 02 	lds	r25, 0x020F	; 0x80020f <tick_ms+0x1>
     eec:	a0 91 10 02 	lds	r26, 0x0210	; 0x800210 <tick_ms+0x2>
     ef0:	b0 91 11 02 	lds	r27, 0x0211	; 0x800211 <tick_ms+0x3>
     ef4:	02 96       	adiw	r24, 0x02	; 2
     ef6:	a1 1d       	adc	r26, r1
     ef8:	b1 1d       	adc	r27, r1
     efa:	80 93 0e 02 	sts	0x020E, r24	; 0x80020e <tick_ms>
     efe:	90 93 0f 02 	sts	0x020F, r25	; 0x80020f <tick_ms+0x1>
     f02:	a0 93 10 02 	sts	0x0210, r26	; 0x800210 <tick_ms+0x2>
     f06:	b0 93 11 02 	sts	0x0211, r27	; 0x800211 <tick_ms+0x3>
}
     f0a:	bf 91       	pop	r27
     f0c:	af 91       	pop	r26
     f0e:	9f 91       	pop	r25
     f10:	8f 91       	pop	r24
     f12:	0f 90       	pop	r0
     f14:	0f be       	out	0x3f, r0	; 63
     f16:	0f 90       	pop	r0
     f18:	1f 90       	pop	r1
     f1a:	18 95       	reti

00000f1c <__vector_13>:

/*
 * Timer1 OVF — Heartbeat LED en PB5.
 * Prescaler=8 ? OVF cada ~32 ms. 30 OVFs ? 960 ms ? 1 Hz.
 */
ISR(TIMER1_OVF_vect) {
     f1c:	1f 92       	push	r1
     f1e:	0f 92       	push	r0
     f20:	0f b6       	in	r0, 0x3f	; 63
     f22:	0f 92       	push	r0
     f24:	11 24       	eor	r1, r1

}
     f26:	0f 90       	pop	r0
     f28:	0f be       	out	0x3f, r0	; 63
     f2a:	0f 90       	pop	r0
     f2c:	1f 90       	pop	r1
     f2e:	18 95       	reti

00000f30 <main>:

/* ============================================================
 * MAIN
 * ============================================================ */
int main(void) {
    cli();
     f30:	f8 94       	cli

    /* Inicializar periféricos */
    InitPort();
     f32:	0e 94 3e 07 	call	0xe7c	; 0xe7c <InitPort>
    InitUART0();
     f36:	0e 94 2e 07 	call	0xe5c	; 0xe5c <InitUART0>
    InitTimer0();
     f3a:	0e 94 57 07 	call	0xeae	; 0xeae <InitTimer0>
    InitTimer1();
     f3e:	0e 94 60 07 	call	0xec0	; 0xec0 <InitTimer1>
    /*
     * Inicializar la librería de protocolo.
     * Protocol_Init pone a cero los índices de los ring buffers
     * de Rx y Tx, y resetea la máquina de estados a WAIT_U.
     */
    Protocol_Init();
     f42:	0e 94 31 08 	call	0x1062	; 0x1062 <Protocol_Init>

    /* Inicializar cola de cajas */
    Ev.movQ0 = 0;
     f46:	e6 e3       	ldi	r30, 0x36	; 54
     f48:	f2 e0       	ldi	r31, 0x02	; 2
     f4a:	14 82       	std	Z+4, r1	; 0x04
    Ev.movQ1 = 0;
     f4c:	15 82       	std	Z+5, r1	; 0x05
    Ev.movQ2 = 0;
     f4e:	16 82       	std	Z+6, r1	; 0x06

    /* Inicializar flags de respuesta TX diferida */
    Ev.reply_send_start = 0;
     f50:	12 86       	std	Z+10, r1	; 0x0a
    Ev.reply_send_stop  = 0;
     f52:	13 86       	std	Z+11, r1	; 0x0b
    Ev.reply_send_reset = 0;
     f54:	14 86       	std	Z+12, r1	; 0x0c
    Ev.reply_error      = 0;
     f56:	15 86       	std	Z+13, r1	; 0x0d

    /* Inicializar actuadores */
    for (uint8_t i = 0; i < 3; i++) {
     f58:	20 e0       	ldi	r18, 0x00	; 0
     f5a:	12 c0       	rjmp	.+36     	; 0xf80 <main+0x50>
        Actuator[i].state        = ACT_IDLE;
     f5c:	82 2f       	mov	r24, r18
     f5e:	90 e0       	ldi	r25, 0x00	; 0
     f60:	fc 01       	movw	r30, r24
     f62:	ee 0f       	add	r30, r30
     f64:	ff 1f       	adc	r31, r31
     f66:	ee 0f       	add	r30, r30
     f68:	ff 1f       	adc	r31, r31
     f6a:	8e 0f       	add	r24, r30
     f6c:	9f 1f       	adc	r25, r31
     f6e:	fc 01       	movw	r30, r24
     f70:	e9 5d       	subi	r30, 0xD9	; 217
     f72:	fd 4f       	sbci	r31, 0xFD	; 253
     f74:	10 82       	st	Z, r1
        Actuator[i].timestamp_ms = 0;
     f76:	11 82       	std	Z+1, r1	; 0x01
     f78:	12 82       	std	Z+2, r1	; 0x02
     f7a:	13 82       	std	Z+3, r1	; 0x03
     f7c:	14 82       	std	Z+4, r1	; 0x04
    Ev.reply_send_stop  = 0;
    Ev.reply_send_reset = 0;
    Ev.reply_error      = 0;

    /* Inicializar actuadores */
    for (uint8_t i = 0; i < 3; i++) {
     f7e:	2f 5f       	subi	r18, 0xFF	; 255
     f80:	23 30       	cpi	r18, 0x03	; 3
     f82:	60 f3       	brcs	.-40     	; 0xf5c <main+0x2c>
    config_salidas[2] = 0;*/
	
	/* ============================================================
     * INICIALIZAR LOS SERVOS 
     * ============================================================ */
    SG90_Init(&Servo[0], &PORTD, PD2);
     f84:	42 e0       	ldi	r20, 0x02	; 2
     f86:	6b e2       	ldi	r22, 0x2B	; 43
     f88:	70 e0       	ldi	r23, 0x00	; 0
     f8a:	88 e5       	ldi	r24, 0x58	; 88
     f8c:	92 e0       	ldi	r25, 0x02	; 2
     f8e:	0e 94 dc 09 	call	0x13b8	; 0x13b8 <SG90_Init>
    SG90_Init(&Servo[1], &PORTD, PD3);
     f92:	43 e0       	ldi	r20, 0x03	; 3
     f94:	6b e2       	ldi	r22, 0x2B	; 43
     f96:	70 e0       	ldi	r23, 0x00	; 0
     f98:	8d e5       	ldi	r24, 0x5D	; 93
     f9a:	92 e0       	ldi	r25, 0x02	; 2
     f9c:	0e 94 dc 09 	call	0x13b8	; 0x13b8 <SG90_Init>
    SG90_Init(&Servo[2], &PORTD, PD4);
     fa0:	44 e0       	ldi	r20, 0x04	; 4
     fa2:	6b e2       	ldi	r22, 0x2B	; 43
     fa4:	70 e0       	ldi	r23, 0x00	; 0
     fa6:	82 e6       	ldi	r24, 0x62	; 98
     fa8:	92 e0       	ldi	r25, 0x02	; 2
     faa:	0e 94 dc 09 	call	0x13b8	; 0x13b8 <SG90_Init>
	
	for(uint8_t i = 0; i<=2; i++){
     fae:	c0 e0       	ldi	r28, 0x00	; 0
     fb0:	0f c0       	rjmp	.+30     	; 0xfd0 <main+0xa0>
		SG90_SetAngle(&Servo[i], 130);
     fb2:	8c 2f       	mov	r24, r28
     fb4:	90 e0       	ldi	r25, 0x00	; 0
     fb6:	9c 01       	movw	r18, r24
     fb8:	22 0f       	add	r18, r18
     fba:	33 1f       	adc	r19, r19
     fbc:	22 0f       	add	r18, r18
     fbe:	33 1f       	adc	r19, r19
     fc0:	82 0f       	add	r24, r18
     fc2:	93 1f       	adc	r25, r19
     fc4:	62 e8       	ldi	r22, 0x82	; 130
     fc6:	88 5a       	subi	r24, 0xA8	; 168
     fc8:	9d 4f       	sbci	r25, 0xFD	; 253
     fca:	0e 94 13 0a 	call	0x1426	; 0x1426 <SG90_SetAngle>
     * ============================================================ */
    SG90_Init(&Servo[0], &PORTD, PD2);
    SG90_Init(&Servo[1], &PORTD, PD3);
    SG90_Init(&Servo[2], &PORTD, PD4);
	
	for(uint8_t i = 0; i<=2; i++){
     fce:	cf 5f       	subi	r28, 0xFF	; 255
     fd0:	c3 30       	cpi	r28, 0x03	; 3
     fd2:	78 f3       	brcs	.-34     	; 0xfb2 <main+0x82>
	}
	
	/* ============================================================
     * Inicializar el HCSR04
     * ============================================================ */
	last_sensor_trigger = 0;
     fd4:	10 92 54 02 	sts	0x0254, r1	; 0x800254 <last_sensor_trigger>
     fd8:	10 92 55 02 	sts	0x0255, r1	; 0x800255 <last_sensor_trigger+0x1>
     fdc:	10 92 56 02 	sts	0x0256, r1	; 0x800256 <last_sensor_trigger+0x2>
     fe0:	10 92 57 02 	sts	0x0257, r1	; 0x800257 <last_sensor_trigger+0x3>
	SensorCajas.trigger_write = Sensor_Trig;
     fe4:	ea e6       	ldi	r30, 0x6A	; 106
     fe6:	f2 e0       	ldi	r31, 0x02	; 2
     fe8:	86 e1       	ldi	r24, 0x16	; 22
     fea:	92 e0       	ldi	r25, 0x02	; 2
     fec:	91 83       	std	Z+1, r25	; 0x01
     fee:	80 83       	st	Z, r24
	SensorCajas.echo_read     = Sensor_Echo;
     ff0:	80 e2       	ldi	r24, 0x20	; 32
     ff2:	92 e0       	ldi	r25, 0x02	; 2
     ff4:	93 83       	std	Z+3, r25	; 0x03
     ff6:	82 83       	std	Z+2, r24	; 0x02
	SensorCajas.get_us        = Sensor_GetUs;
     ff8:	85 e2       	ldi	r24, 0x25	; 37
     ffa:	92 e0       	ldi	r25, 0x02	; 2
     ffc:	95 83       	std	Z+5, r25	; 0x05
     ffe:	84 83       	std	Z+4, r24	; 0x04
	SensorCajas.state         = HCSR_IDLE;
    1000:	16 82       	std	Z+6, r1	; 0x06
	
	/* ============================================================
     * INICIALIZAR LOS SENSORES IR
     * ============================================================ */
    TCRT5000_Init(&IrEntry);
    1002:	88 e1       	ldi	r24, 0x18	; 24
    1004:	91 e0       	ldi	r25, 0x01	; 1
    1006:	0e 94 5c 00 	call	0xb8	; 0xb8 <TCRT5000_Init>
    TCRT5000_Init(&IrQ0);
    100a:	83 e1       	ldi	r24, 0x13	; 19
    100c:	91 e0       	ldi	r25, 0x01	; 1
    100e:	0e 94 5c 00 	call	0xb8	; 0xb8 <TCRT5000_Init>
    TCRT5000_Init(&IrQ1);
    1012:	8e e0       	ldi	r24, 0x0E	; 14
    1014:	91 e0       	ldi	r25, 0x01	; 1
    1016:	0e 94 5c 00 	call	0xb8	; 0xb8 <TCRT5000_Init>
    TCRT5000_Init(&IrQ2);
    101a:	89 e0       	ldi	r24, 0x09	; 9
    101c:	91 e0       	ldi	r25, 0x01	; 1
    101e:	0e 94 5c 00 	call	0xb8	; 0xb8 <TCRT5000_Init>
	
	/* Inicializar la entrada del trigger en bajo */
	PORTD &= ~(1 << PD7);
    1022:	8b b1       	in	r24, 0x0b	; 11
    1024:	8f 77       	andi	r24, 0x7F	; 127
    1026:	8b b9       	out	0x0b, r24	; 11
	
	WaitTime = 0;
    1028:	10 92 08 01 	sts	0x0108, r1	; 0x800108 <WaitTime+0x1>
    102c:	10 92 07 01 	sts	0x0107, r1	; 0x800107 <WaitTime>
	
    sei();
    1030:	78 94       	sei
	
    SendSimuCMD(0xF0, NULL, 0); // Mandamos al comienzo de cada reset el estado IDLE
    1032:	40 e0       	ldi	r20, 0x00	; 0
    1034:	60 e0       	ldi	r22, 0x00	; 0
    1036:	70 e0       	ldi	r23, 0x00	; 0
    1038:	80 ef       	ldi	r24, 0xF0	; 240
    103a:	0e 94 61 08 	call	0x10c2	; 0x10c2 <Protocol_SendSimuCMD>
	
	Ev.hw_sensors_enabled = 1; // Establecemos como prioridad el estado de uso de hardware. 
    103e:	81 e0       	ldi	r24, 0x01	; 1
    1040:	80 93 49 02 	sts	0x0249, r24	; 0x800249 <Ev+0x13>
     * LOOP PRINCIPAL — Completamente no bloqueante (mas o menos)
     * ============================================================ */
    while (1) {
		
        // --- TASKS ---
        Protocol_HandleUART();     /* Procesa bytes del buffer RX y llama a Protocol_DecodeCMD */
    1044:	0e 94 2f 09 	call	0x125e	; 0x125e <Protocol_HandleUART>
        HandlePendingReplies();    /* Despacha respuestas TX diferidas por los callbacks RX      */
    1048:	0e 94 ec 05 	call	0xbd8	; 0xbd8 <HandlePendingReplies>
        HandleActuators();
    104c:	0e 94 33 04 	call	0x866	; 0x866 <HandleActuators>
        UpdateDebugLEDs();
    1050:	0e 94 a7 06 	call	0xd4e	; 0xd4e <UpdateDebugLEDs>
		HandleQueue();
    1054:	0e 94 a3 02 	call	0x546	; 0x546 <HandleQueue>
		HCRS04();
    1058:	0e 94 5b 05 	call	0xab6	; 0xab6 <HCRS04>
		HandlePhysicalIRs();
    105c:	0e 94 fc 04 	call	0x9f8	; 0x9f8 <HandlePhysicalIRs>
    1060:	f1 cf       	rjmp	.-30     	; 0x1044 <main+0x114>

00001062 <Protocol_Init>:

protocol_rx_t Rx;
protocol_tx_t Tx;

void Protocol_Init(void) {
    Rx.rBuf.iw = 0;
    1062:	10 92 81 03 	sts	0x0381, r1	; 0x800381 <Rx+0x100>
    Rx.rBuf.ir = 0;
    1066:	10 92 82 03 	sts	0x0382, r1	; 0x800382 <Rx+0x101>
    Rx.hdrst   = WAIT_U;
    106a:	10 92 83 03 	sts	0x0383, r1	; 0x800383 <Rx+0x102>
    Tx.rBuf.iw = 0;
    106e:	10 92 a9 04 	sts	0x04A9, r1	; 0x8004a9 <Tx+0x100>
    Tx.rBuf.ir = 0;
    1072:	10 92 aa 04 	sts	0x04AA, r1	; 0x8004aa <Tx+0x101>
    1076:	08 95       	ret

00001078 <Protocol_TxAddChar>:
}

void Protocol_TxAddChar(uint8_t data) {
    uint8_t next_iw = (Tx.rBuf.iw + 1) & MASK;
    1078:	90 91 a9 04 	lds	r25, 0x04A9	; 0x8004a9 <Tx+0x100>
    107c:	9f 5f       	subi	r25, 0xFF	; 255
    if (next_iw != Tx.rBuf.ir) {
    107e:	20 91 aa 04 	lds	r18, 0x04AA	; 0x8004aa <Tx+0x101>
    1082:	92 17       	cp	r25, r18
    1084:	81 f0       	breq	.+32     	; 0x10a6 <Protocol_TxAddChar+0x2e>
        Tx.rBuf.buf[Tx.rBuf.iw] = data;
    1086:	a9 ea       	ldi	r26, 0xA9	; 169
    1088:	b4 e0       	ldi	r27, 0x04	; 4
    108a:	ec 91       	ld	r30, X
    108c:	f0 e0       	ldi	r31, 0x00	; 0
    108e:	e7 55       	subi	r30, 0x57	; 87
    1090:	fc 4f       	sbci	r31, 0xFC	; 252
    1092:	80 83       	st	Z, r24
         * y deshabilitar UDRIE, dejando el byte sin enviar para siempre.
         *
         * cli/SREG en lugar de cli/sei para no forzar interrupciones si
         * esta funcion se llama desde un contexto que ya las tenia inhibidas.
         */
        Tx.rBuf.iw = next_iw;
    1094:	9c 93       	st	X, r25
        uint8_t sreg = SREG;
    1096:	9f b7       	in	r25, 0x3f	; 63
        cli();
    1098:	f8 94       	cli
        UCSR0B |= (1 << UDRIE0);
    109a:	e1 ec       	ldi	r30, 0xC1	; 193
    109c:	f0 e0       	ldi	r31, 0x00	; 0
    109e:	80 81       	ld	r24, Z
    10a0:	80 62       	ori	r24, 0x20	; 32
    10a2:	80 83       	st	Z, r24
        SREG = sreg;
    10a4:	9f bf       	out	0x3f, r25	; 63
    10a6:	08 95       	ret

000010a8 <Protocol_TxSendString>:
    }
}

void Protocol_TxSendString(const char *msg) {
    10a8:	cf 93       	push	r28
    10aa:	df 93       	push	r29
    10ac:	ec 01       	movw	r28, r24
    while (*msg) {
    10ae:	03 c0       	rjmp	.+6      	; 0x10b6 <Protocol_TxSendString+0xe>
        Protocol_TxAddChar((uint8_t)*msg++);
    10b0:	21 96       	adiw	r28, 0x01	; 1
    10b2:	0e 94 3c 08 	call	0x1078	; 0x1078 <Protocol_TxAddChar>
        SREG = sreg;
    }
}

void Protocol_TxSendString(const char *msg) {
    while (*msg) {
    10b6:	88 81       	ld	r24, Y
    10b8:	81 11       	cpse	r24, r1
    10ba:	fa cf       	rjmp	.-12     	; 0x10b0 <Protocol_TxSendString+0x8>
        Protocol_TxAddChar((uint8_t)*msg++);
    }
}
    10bc:	df 91       	pop	r29
    10be:	cf 91       	pop	r28
    10c0:	08 95       	ret

000010c2 <Protocol_SendSimuCMD>:

void Protocol_SendSimuCMD(uint8_t cmd, uint8_t *payload, uint8_t len) {
    10c2:	bf 92       	push	r11
    10c4:	cf 92       	push	r12
    10c6:	df 92       	push	r13
    10c8:	ef 92       	push	r14
    10ca:	ff 92       	push	r15
    10cc:	0f 93       	push	r16
    10ce:	1f 93       	push	r17
    10d0:	cf 93       	push	r28
    10d2:	df 93       	push	r29
    10d4:	00 d0       	rcall	.+0      	; 0x10d6 <Protocol_SendSimuCMD+0x14>
    10d6:	00 d0       	rcall	.+0      	; 0x10d8 <Protocol_SendSimuCMD+0x16>
    10d8:	cd b7       	in	r28, 0x3d	; 61
    10da:	de b7       	in	r29, 0x3e	; 62
    10dc:	c8 2e       	mov	r12, r24
    10de:	7b 01       	movw	r14, r22
    10e0:	d4 2e       	mov	r13, r20
    uint8_t header[] = { 'U', 'N', 'E', 'R' };
    10e2:	85 e5       	ldi	r24, 0x55	; 85
    10e4:	89 83       	std	Y+1, r24	; 0x01
    10e6:	8e e4       	ldi	r24, 0x4E	; 78
    10e8:	8a 83       	std	Y+2, r24	; 0x02
    10ea:	85 e4       	ldi	r24, 0x45	; 69
    10ec:	8b 83       	std	Y+3, r24	; 0x03
    10ee:	82 e5       	ldi	r24, 0x52	; 82
    10f0:	8c 83       	std	Y+4, r24	; 0x04
    uint8_t length_byte = 2 + len;
    10f2:	68 94       	set
    10f4:	bb 24       	eor	r11, r11
    10f6:	b1 f8       	bld	r11, 1
    10f8:	b4 0e       	add	r11, r20
    uint8_t separator = ':';
    uint8_t cks = 0;

    for (uint8_t i = 0; i < 4; i++) cks ^= header[i];
    10fa:	80 e0       	ldi	r24, 0x00	; 0

void Protocol_SendSimuCMD(uint8_t cmd, uint8_t *payload, uint8_t len) {
    uint8_t header[] = { 'U', 'N', 'E', 'R' };
    uint8_t length_byte = 2 + len;
    uint8_t separator = ':';
    uint8_t cks = 0;
    10fc:	00 e0       	ldi	r16, 0x00	; 0

    for (uint8_t i = 0; i < 4; i++) cks ^= header[i];
    10fe:	09 c0       	rjmp	.+18     	; 0x1112 <Protocol_SendSimuCMD+0x50>
    1100:	e1 e0       	ldi	r30, 0x01	; 1
    1102:	f0 e0       	ldi	r31, 0x00	; 0
    1104:	ec 0f       	add	r30, r28
    1106:	fd 1f       	adc	r31, r29
    1108:	e8 0f       	add	r30, r24
    110a:	f1 1d       	adc	r31, r1
    110c:	90 81       	ld	r25, Z
    110e:	09 27       	eor	r16, r25
    1110:	8f 5f       	subi	r24, 0xFF	; 255
    1112:	84 30       	cpi	r24, 0x04	; 4
    1114:	a8 f3       	brcs	.-22     	; 0x1100 <Protocol_SendSimuCMD+0x3e>
    cks ^= length_byte;
    1116:	0b 25       	eor	r16, r11
    cks ^= separator;
    1118:	8a e3       	ldi	r24, 0x3A	; 58
    111a:	08 27       	eor	r16, r24
    cks ^= cmd;
    111c:	0c 25       	eor	r16, r12
    if(payload != NULL && len > 0) {
    111e:	e1 14       	cp	r14, r1
    1120:	f1 04       	cpc	r15, r1
    1122:	69 f0       	breq	.+26     	; 0x113e <Protocol_SendSimuCMD+0x7c>
    1124:	d1 10       	cpse	r13, r1
    1126:	08 c0       	rjmp	.+16     	; 0x1138 <Protocol_SendSimuCMD+0x76>
    1128:	0a c0       	rjmp	.+20     	; 0x113e <Protocol_SendSimuCMD+0x7c>
        for (uint8_t i = 0; i < len; i++) cks ^= payload[i];
    112a:	f7 01       	movw	r30, r14
    112c:	e8 0f       	add	r30, r24
    112e:	f1 1d       	adc	r31, r1
    1130:	90 81       	ld	r25, Z
    1132:	09 27       	eor	r16, r25
    1134:	8f 5f       	subi	r24, 0xFF	; 255
    1136:	01 c0       	rjmp	.+2      	; 0x113a <Protocol_SendSimuCMD+0x78>
    1138:	80 e0       	ldi	r24, 0x00	; 0
    113a:	8d 15       	cp	r24, r13
    113c:	b0 f3       	brcs	.-20     	; 0x112a <Protocol_SendSimuCMD+0x68>
    }

    for (uint8_t i = 0; i < 4; i++) Protocol_TxAddChar(header[i]);
    113e:	10 e0       	ldi	r17, 0x00	; 0
    1140:	0a c0       	rjmp	.+20     	; 0x1156 <Protocol_SendSimuCMD+0x94>
    1142:	e1 e0       	ldi	r30, 0x01	; 1
    1144:	f0 e0       	ldi	r31, 0x00	; 0
    1146:	ec 0f       	add	r30, r28
    1148:	fd 1f       	adc	r31, r29
    114a:	e1 0f       	add	r30, r17
    114c:	f1 1d       	adc	r31, r1
    114e:	80 81       	ld	r24, Z
    1150:	0e 94 3c 08 	call	0x1078	; 0x1078 <Protocol_TxAddChar>
    1154:	1f 5f       	subi	r17, 0xFF	; 255
    1156:	14 30       	cpi	r17, 0x04	; 4
    1158:	a0 f3       	brcs	.-24     	; 0x1142 <Protocol_SendSimuCMD+0x80>
    Protocol_TxAddChar(length_byte);
    115a:	8b 2d       	mov	r24, r11
    115c:	0e 94 3c 08 	call	0x1078	; 0x1078 <Protocol_TxAddChar>
    Protocol_TxAddChar(separator);
    1160:	8a e3       	ldi	r24, 0x3A	; 58
    1162:	0e 94 3c 08 	call	0x1078	; 0x1078 <Protocol_TxAddChar>
    Protocol_TxAddChar(cmd);
    1166:	8c 2d       	mov	r24, r12
    1168:	0e 94 3c 08 	call	0x1078	; 0x1078 <Protocol_TxAddChar>
    if(payload != NULL && len > 0) {
    116c:	e1 14       	cp	r14, r1
    116e:	f1 04       	cpc	r15, r1
    1170:	71 f0       	breq	.+28     	; 0x118e <Protocol_SendSimuCMD+0xcc>
    1172:	d1 10       	cpse	r13, r1
    1174:	09 c0       	rjmp	.+18     	; 0x1188 <Protocol_SendSimuCMD+0xc6>
    1176:	0b c0       	rjmp	.+22     	; 0x118e <Protocol_SendSimuCMD+0xcc>
        for (uint8_t i = 0; i < len; i++) Protocol_TxAddChar(payload[i]);
    1178:	f7 01       	movw	r30, r14
    117a:	e1 0f       	add	r30, r17
    117c:	f1 1d       	adc	r31, r1
    117e:	80 81       	ld	r24, Z
    1180:	0e 94 3c 08 	call	0x1078	; 0x1078 <Protocol_TxAddChar>
    1184:	1f 5f       	subi	r17, 0xFF	; 255
    1186:	01 c0       	rjmp	.+2      	; 0x118a <Protocol_SendSimuCMD+0xc8>
    1188:	10 e0       	ldi	r17, 0x00	; 0
    118a:	1d 15       	cp	r17, r13
    118c:	a8 f3       	brcs	.-22     	; 0x1178 <Protocol_SendSimuCMD+0xb6>
    }
    Protocol_TxAddChar(cks);
    118e:	80 2f       	mov	r24, r16
    1190:	0e 94 3c 08 	call	0x1078	; 0x1078 <Protocol_TxAddChar>
}
    1194:	0f 90       	pop	r0
    1196:	0f 90       	pop	r0
    1198:	0f 90       	pop	r0
    119a:	0f 90       	pop	r0
    119c:	df 91       	pop	r29
    119e:	cf 91       	pop	r28
    11a0:	1f 91       	pop	r17
    11a2:	0f 91       	pop	r16
    11a4:	ff 90       	pop	r15
    11a6:	ef 90       	pop	r14
    11a8:	df 90       	pop	r13
    11aa:	cf 90       	pop	r12
    11ac:	bf 90       	pop	r11
    11ae:	08 95       	ret

000011b0 <__vector_18>:
/*
 * ISR RX — guarda cada byte recibido en el ring buffer de recepcion.
 * Si el buffer esta lleno (next_iw == ir) el byte se descarta;
 * es preferible perder un byte que corromper el indice iw.
 */
ISR(USART_RX_vect) {
    11b0:	1f 92       	push	r1
    11b2:	0f 92       	push	r0
    11b4:	0f b6       	in	r0, 0x3f	; 63
    11b6:	0f 92       	push	r0
    11b8:	11 24       	eor	r1, r1
    11ba:	2f 93       	push	r18
    11bc:	8f 93       	push	r24
    11be:	9f 93       	push	r25
    11c0:	af 93       	push	r26
    11c2:	bf 93       	push	r27
    11c4:	ef 93       	push	r30
    11c6:	ff 93       	push	r31
    uint8_t data    = UDR0;
    11c8:	20 91 c6 00 	lds	r18, 0x00C6	; 0x8000c6 <__TEXT_REGION_LENGTH__+0x7f80c6>
    uint8_t next_iw = (Rx.rBuf.iw + 1) & MASK;
    11cc:	80 91 81 03 	lds	r24, 0x0381	; 0x800381 <Rx+0x100>
    11d0:	8f 5f       	subi	r24, 0xFF	; 255
    if (next_iw != Rx.rBuf.ir) {        /* solo encola si hay espacio */
    11d2:	90 91 82 03 	lds	r25, 0x0382	; 0x800382 <Rx+0x101>
    11d6:	89 17       	cp	r24, r25
    11d8:	41 f0       	breq	.+16     	; 0x11ea <__vector_18+0x3a>
        Rx.rBuf.buf[Rx.rBuf.iw] = data;
    11da:	a1 e8       	ldi	r26, 0x81	; 129
    11dc:	b3 e0       	ldi	r27, 0x03	; 3
    11de:	ec 91       	ld	r30, X
    11e0:	f0 e0       	ldi	r31, 0x00	; 0
    11e2:	ef 57       	subi	r30, 0x7F	; 127
    11e4:	fd 4f       	sbci	r31, 0xFD	; 253
    11e6:	20 83       	st	Z, r18
        Rx.rBuf.iw               = next_iw;
    11e8:	8c 93       	st	X, r24
    }
    /* si no hay espacio el byte se descarta silenciosamente */
}
    11ea:	ff 91       	pop	r31
    11ec:	ef 91       	pop	r30
    11ee:	bf 91       	pop	r27
    11f0:	af 91       	pop	r26
    11f2:	9f 91       	pop	r25
    11f4:	8f 91       	pop	r24
    11f6:	2f 91       	pop	r18
    11f8:	0f 90       	pop	r0
    11fa:	0f be       	out	0x3f, r0	; 63
    11fc:	0f 90       	pop	r0
    11fe:	1f 90       	pop	r1
    1200:	18 95       	reti

00001202 <__vector_19>:
 *     ISR se dispare en loop vacio y sature la CPU.
 *
 * Protocol_TxAddChar habilita UDRIE cada vez que encola un byte,
 * por lo que el ciclo se auto-sostiene mientras haya datos.
 */
ISR(USART_UDRE_vect) {
    1202:	1f 92       	push	r1
    1204:	0f 92       	push	r0
    1206:	0f b6       	in	r0, 0x3f	; 63
    1208:	0f 92       	push	r0
    120a:	11 24       	eor	r1, r1
    120c:	8f 93       	push	r24
    120e:	9f 93       	push	r25
    1210:	af 93       	push	r26
    1212:	bf 93       	push	r27
    1214:	ef 93       	push	r30
    1216:	ff 93       	push	r31
    if (Tx.rBuf.ir != Tx.rBuf.iw) {
    1218:	90 91 aa 04 	lds	r25, 0x04AA	; 0x8004aa <Tx+0x101>
    121c:	80 91 a9 04 	lds	r24, 0x04A9	; 0x8004a9 <Tx+0x100>
    1220:	98 17       	cp	r25, r24
    1222:	69 f0       	breq	.+26     	; 0x123e <__vector_19+0x3c>
        UDR0       = Tx.rBuf.buf[Tx.rBuf.ir];
    1224:	aa ea       	ldi	r26, 0xAA	; 170
    1226:	b4 e0       	ldi	r27, 0x04	; 4
    1228:	ec 91       	ld	r30, X
    122a:	f0 e0       	ldi	r31, 0x00	; 0
    122c:	e7 55       	subi	r30, 0x57	; 87
    122e:	fc 4f       	sbci	r31, 0xFC	; 252
    1230:	80 81       	ld	r24, Z
    1232:	80 93 c6 00 	sts	0x00C6, r24	; 0x8000c6 <__TEXT_REGION_LENGTH__+0x7f80c6>
        Tx.rBuf.ir = (Tx.rBuf.ir + 1) & MASK;
    1236:	8c 91       	ld	r24, X
    1238:	8f 5f       	subi	r24, 0xFF	; 255
    123a:	8c 93       	st	X, r24
    123c:	05 c0       	rjmp	.+10     	; 0x1248 <__vector_19+0x46>
         * Buffer vacio: deshabilitar UDRIE AHORA, dentro de la ISR,
         * antes de retornar. Esto es atomico por naturaleza (estamos
         * dentro de una ISR, las interrupciones estan inhibidas).
         * No hay race condition posible en este punto.
         */
        UCSR0B &= ~(1 << UDRIE0);
    123e:	e1 ec       	ldi	r30, 0xC1	; 193
    1240:	f0 e0       	ldi	r31, 0x00	; 0
    1242:	80 81       	ld	r24, Z
    1244:	8f 7d       	andi	r24, 0xDF	; 223
    1246:	80 83       	st	Z, r24
    }
}
    1248:	ff 91       	pop	r31
    124a:	ef 91       	pop	r30
    124c:	bf 91       	pop	r27
    124e:	af 91       	pop	r26
    1250:	9f 91       	pop	r25
    1252:	8f 91       	pop	r24
    1254:	0f 90       	pop	r0
    1256:	0f be       	out	0x3f, r0	; 63
    1258:	0f 90       	pop	r0
    125a:	1f 90       	pop	r1
    125c:	18 95       	reti

0000125e <Protocol_HandleUART>:

void Protocol_HandleUART(void) {
    125e:	cf 93       	push	r28
     * bytes mas rapido de lo que los procesamos.
     * Con la snapshot, procesamos exactamente los bytes disponibles
     * al momento de entrar a HandleUART y dejamos los nuevos para
     * la proxima llamada desde el loop principal.
     */
    uint8_t iw_snapshot = Rx.rBuf.iw;
    1260:	c0 91 81 03 	lds	r28, 0x0381	; 0x800381 <Rx+0x100>
    while (Rx.rBuf.ir != iw_snapshot){
    1264:	a3 c0       	rjmp	.+326    	; 0x13ac <Protocol_HandleUART+0x14e>
        uint8_t b  = Rx.rBuf.buf[Rx.rBuf.ir];
    1266:	a2 e8       	ldi	r26, 0x82	; 130
    1268:	b3 e0       	ldi	r27, 0x03	; 3
    126a:	ec 91       	ld	r30, X
    126c:	f0 e0       	ldi	r31, 0x00	; 0
    126e:	ef 57       	subi	r30, 0x7F	; 127
    1270:	fd 4f       	sbci	r31, 0xFD	; 253
    1272:	20 81       	ld	r18, Z
        Rx.rBuf.ir = (Rx.rBuf.ir + 1) & MASK;
    1274:	8c 91       	ld	r24, X
    1276:	8f 5f       	subi	r24, 0xFF	; 255
    1278:	8c 93       	st	X, r24
        
        switch (Rx.hdrst) {
    127a:	e0 91 83 03 	lds	r30, 0x0383	; 0x800383 <Rx+0x102>
    127e:	8e 2f       	mov	r24, r30
    1280:	90 e0       	ldi	r25, 0x00	; 0
    1282:	89 30       	cpi	r24, 0x09	; 9
    1284:	91 05       	cpc	r25, r1
    1286:	08 f0       	brcs	.+2      	; 0x128a <Protocol_HandleUART+0x2c>
    1288:	91 c0       	rjmp	.+290    	; 0x13ac <Protocol_HandleUART+0x14e>
    128a:	fc 01       	movw	r30, r24
    128c:	ec 5c       	subi	r30, 0xCC	; 204
    128e:	ff 4f       	sbci	r31, 0xFF	; 255
    1290:	0c 94 fa 0a 	jmp	0x15f4	; 0x15f4 <__tablejump2__>
            case WAIT_U:
                if (b == 'U') { Rx.cks = b; Rx.hdrst = WAIT_N; }
    1294:	25 35       	cpi	r18, 0x55	; 85
    1296:	09 f0       	breq	.+2      	; 0x129a <Protocol_HandleUART+0x3c>
    1298:	89 c0       	rjmp	.+274    	; 0x13ac <Protocol_HandleUART+0x14e>
    129a:	20 93 84 03 	sts	0x0384, r18	; 0x800384 <Rx+0x103>
    129e:	81 e0       	ldi	r24, 0x01	; 1
    12a0:	80 93 83 03 	sts	0x0383, r24	; 0x800383 <Rx+0x102>
    12a4:	83 c0       	rjmp	.+262    	; 0x13ac <Protocol_HandleUART+0x14e>
                break;
            case WAIT_N:
                if (b == 'N') { Rx.cks ^= b; Rx.hdrst = WAIT_E; }
    12a6:	2e 34       	cpi	r18, 0x4E	; 78
    12a8:	49 f4       	brne	.+18     	; 0x12bc <Protocol_HandleUART+0x5e>
    12aa:	e4 e8       	ldi	r30, 0x84	; 132
    12ac:	f3 e0       	ldi	r31, 0x03	; 3
    12ae:	80 81       	ld	r24, Z
    12b0:	28 27       	eor	r18, r24
    12b2:	20 83       	st	Z, r18
    12b4:	82 e0       	ldi	r24, 0x02	; 2
    12b6:	80 93 83 03 	sts	0x0383, r24	; 0x800383 <Rx+0x102>
    12ba:	78 c0       	rjmp	.+240    	; 0x13ac <Protocol_HandleUART+0x14e>
                else Rx.hdrst = WAIT_U;
    12bc:	10 92 83 03 	sts	0x0383, r1	; 0x800383 <Rx+0x102>
    12c0:	75 c0       	rjmp	.+234    	; 0x13ac <Protocol_HandleUART+0x14e>
                break;
            case WAIT_E:
                if (b == 'E') { Rx.cks ^= b; Rx.hdrst = WAIT_R; }
    12c2:	25 34       	cpi	r18, 0x45	; 69
    12c4:	49 f4       	brne	.+18     	; 0x12d8 <Protocol_HandleUART+0x7a>
    12c6:	e4 e8       	ldi	r30, 0x84	; 132
    12c8:	f3 e0       	ldi	r31, 0x03	; 3
    12ca:	80 81       	ld	r24, Z
    12cc:	28 27       	eor	r18, r24
    12ce:	20 83       	st	Z, r18
    12d0:	83 e0       	ldi	r24, 0x03	; 3
    12d2:	80 93 83 03 	sts	0x0383, r24	; 0x800383 <Rx+0x102>
    12d6:	6a c0       	rjmp	.+212    	; 0x13ac <Protocol_HandleUART+0x14e>
                else Rx.hdrst = WAIT_U;
    12d8:	10 92 83 03 	sts	0x0383, r1	; 0x800383 <Rx+0x102>
    12dc:	67 c0       	rjmp	.+206    	; 0x13ac <Protocol_HandleUART+0x14e>
                break;
            case WAIT_R:
                if (b == 'R') { Rx.cks ^= b; Rx.hdrst = GET_LEN; }
    12de:	22 35       	cpi	r18, 0x52	; 82
    12e0:	49 f4       	brne	.+18     	; 0x12f4 <Protocol_HandleUART+0x96>
    12e2:	e4 e8       	ldi	r30, 0x84	; 132
    12e4:	f3 e0       	ldi	r31, 0x03	; 3
    12e6:	80 81       	ld	r24, Z
    12e8:	28 27       	eor	r18, r24
    12ea:	20 83       	st	Z, r18
    12ec:	84 e0       	ldi	r24, 0x04	; 4
    12ee:	80 93 83 03 	sts	0x0383, r24	; 0x800383 <Rx+0x102>
    12f2:	5c c0       	rjmp	.+184    	; 0x13ac <Protocol_HandleUART+0x14e>
                else Rx.hdrst = WAIT_U;
    12f4:	10 92 83 03 	sts	0x0383, r1	; 0x800383 <Rx+0x102>
    12f8:	59 c0       	rjmp	.+178    	; 0x13ac <Protocol_HandleUART+0x14e>
                break;
            case GET_LEN:
                Rx.nBytes = b;
    12fa:	20 93 85 03 	sts	0x0385, r18	; 0x800385 <Rx+0x104>
                Rx.cks ^= b;
    12fe:	e4 e8       	ldi	r30, 0x84	; 132
    1300:	f3 e0       	ldi	r31, 0x03	; 3
    1302:	80 81       	ld	r24, Z
    1304:	28 27       	eor	r18, r24
    1306:	20 83       	st	Z, r18
                Rx.hdrst = WAIT_DP;
    1308:	85 e0       	ldi	r24, 0x05	; 5
    130a:	80 93 83 03 	sts	0x0383, r24	; 0x800383 <Rx+0x102>
                break;
    130e:	4e c0       	rjmp	.+156    	; 0x13ac <Protocol_HandleUART+0x14e>
            case WAIT_DP:
                if (b == ':') { Rx.cks ^= b; Rx.hdrst = GET_CMD; }
    1310:	2a 33       	cpi	r18, 0x3A	; 58
    1312:	49 f4       	brne	.+18     	; 0x1326 <Protocol_HandleUART+0xc8>
    1314:	e4 e8       	ldi	r30, 0x84	; 132
    1316:	f3 e0       	ldi	r31, 0x03	; 3
    1318:	80 81       	ld	r24, Z
    131a:	28 27       	eor	r18, r24
    131c:	20 83       	st	Z, r18
    131e:	86 e0       	ldi	r24, 0x06	; 6
    1320:	80 93 83 03 	sts	0x0383, r24	; 0x800383 <Rx+0x102>
    1324:	43 c0       	rjmp	.+134    	; 0x13ac <Protocol_HandleUART+0x14e>
                else Rx.hdrst = WAIT_U;
    1326:	10 92 83 03 	sts	0x0383, r1	; 0x800383 <Rx+0x102>
    132a:	40 c0       	rjmp	.+128    	; 0x13ac <Protocol_HandleUART+0x14e>
                break;
            case GET_CMD:
                Rx.current_cmd = b;
    132c:	20 93 87 03 	sts	0x0387, r18	; 0x800387 <Rx+0x106>
                Rx.cks ^= b;
    1330:	e4 e8       	ldi	r30, 0x84	; 132
    1332:	f3 e0       	ldi	r31, 0x03	; 3
    1334:	80 81       	ld	r24, Z
    1336:	28 27       	eor	r18, r24
    1338:	20 83       	st	Z, r18
                Rx.payloadLen = (Rx.nBytes >= 2) ? (Rx.nBytes - 2) : 0;
    133a:	80 91 85 03 	lds	r24, 0x0385	; 0x800385 <Rx+0x104>
    133e:	82 30       	cpi	r24, 0x02	; 2
    1340:	10 f0       	brcs	.+4      	; 0x1346 <Protocol_HandleUART+0xe8>
    1342:	82 50       	subi	r24, 0x02	; 2
    1344:	01 c0       	rjmp	.+2      	; 0x1348 <Protocol_HandleUART+0xea>
    1346:	80 e0       	ldi	r24, 0x00	; 0
    1348:	80 93 86 03 	sts	0x0386, r24	; 0x800386 <Rx+0x105>
                Rx.payload_idx = 0;
    134c:	10 92 a8 03 	sts	0x03A8, r1	; 0x8003a8 <Rx+0x127>
                Rx.hdrst = (Rx.payloadLen > 0) ? GET_PAYLOAD : GET_CKS;
    1350:	88 23       	and	r24, r24
    1352:	11 f0       	breq	.+4      	; 0x1358 <Protocol_HandleUART+0xfa>
    1354:	87 e0       	ldi	r24, 0x07	; 7
    1356:	01 c0       	rjmp	.+2      	; 0x135a <Protocol_HandleUART+0xfc>
    1358:	88 e0       	ldi	r24, 0x08	; 8
    135a:	80 93 83 03 	sts	0x0383, r24	; 0x800383 <Rx+0x102>
                break;
    135e:	26 c0       	rjmp	.+76     	; 0x13ac <Protocol_HandleUART+0x14e>
            case GET_PAYLOAD:
                if (Rx.payload_idx < MAX_PAYLOAD) {
    1360:	80 91 a8 03 	lds	r24, 0x03A8	; 0x8003a8 <Rx+0x127>
    1364:	80 32       	cpi	r24, 0x20	; 32
    1366:	28 f4       	brcc	.+10     	; 0x1372 <Protocol_HandleUART+0x114>
                    Rx.payload[Rx.payload_idx] = b;
    1368:	e8 2f       	mov	r30, r24
    136a:	f0 e0       	ldi	r31, 0x00	; 0
    136c:	e8 57       	subi	r30, 0x78	; 120
    136e:	fc 4f       	sbci	r31, 0xFC	; 252
    1370:	20 83       	st	Z, r18
                }
                Rx.payload_idx++;
    1372:	8f 5f       	subi	r24, 0xFF	; 255
    1374:	80 93 a8 03 	sts	0x03A8, r24	; 0x8003a8 <Rx+0x127>
                Rx.cks ^= b;
    1378:	e4 e8       	ldi	r30, 0x84	; 132
    137a:	f3 e0       	ldi	r31, 0x03	; 3
    137c:	90 81       	ld	r25, Z
    137e:	29 27       	eor	r18, r25
    1380:	20 83       	st	Z, r18
                if (Rx.payload_idx >= Rx.payloadLen) Rx.hdrst = GET_CKS;
    1382:	90 91 86 03 	lds	r25, 0x0386	; 0x800386 <Rx+0x105>
    1386:	89 17       	cp	r24, r25
    1388:	88 f0       	brcs	.+34     	; 0x13ac <Protocol_HandleUART+0x14e>
    138a:	88 e0       	ldi	r24, 0x08	; 8
    138c:	80 93 83 03 	sts	0x0383, r24	; 0x800383 <Rx+0x102>
    1390:	0d c0       	rjmp	.+26     	; 0x13ac <Protocol_HandleUART+0x14e>
                break;
            case GET_CKS:
                if (b == Rx.cks) {
    1392:	80 91 84 03 	lds	r24, 0x0384	; 0x800384 <Rx+0x103>
    1396:	28 13       	cpse	r18, r24
    1398:	07 c0       	rjmp	.+14     	; 0x13a8 <Protocol_HandleUART+0x14a>
                     * Protocol_DecodeCMD esta implementado en main.c y tiene
                     * acceso directo a la tabla de comandos de la aplicacion.
                     * Los parametros table/table_size son opcionales; la
                     * implementacion del main usa su propia tabla interna.
                     */
                    Protocol_DecodeCMD(Rx.current_cmd, NULL, 0);
    139a:	40 e0       	ldi	r20, 0x00	; 0
    139c:	60 e0       	ldi	r22, 0x00	; 0
    139e:	70 e0       	ldi	r23, 0x00	; 0
    13a0:	80 91 87 03 	lds	r24, 0x0387	; 0x800387 <Rx+0x106>
    13a4:	0e 94 82 06 	call	0xd04	; 0xd04 <Protocol_DecodeCMD>
                }
                /* Si el checksum falla, la trama se descarta silenciosamente */
                Rx.hdrst = WAIT_U;
    13a8:	10 92 83 03 	sts	0x0383, r1	; 0x800383 <Rx+0x102>
     * Con la snapshot, procesamos exactamente los bytes disponibles
     * al momento de entrar a HandleUART y dejamos los nuevos para
     * la proxima llamada desde el loop principal.
     */
    uint8_t iw_snapshot = Rx.rBuf.iw;
    while (Rx.rBuf.ir != iw_snapshot){
    13ac:	80 91 82 03 	lds	r24, 0x0382	; 0x800382 <Rx+0x101>
    13b0:	c8 13       	cpse	r28, r24
    13b2:	59 cf       	rjmp	.-334    	; 0x1266 <Protocol_HandleUART+0x8>
                /* Si el checksum falla, la trama se descarta silenciosamente */
                Rx.hdrst = WAIT_U;
                break;
        }
    }
    13b4:	cf 91       	pop	r28
    13b6:	08 95       	ret

000013b8 <SG90_Init>:
#define CYCLE_TICKS 40000 // 20ms con prescaler 8 @ 16MHz

static SG90_t* servo_array[MAX_SERVOS];
static uint8_t servo_count = 0;

void SG90_Init(SG90_t *servo, volatile uint8_t *port, uint8_t pin) {
    13b8:	fc 01       	movw	r30, r24
	servo->port = port;
    13ba:	71 83       	std	Z+1, r23	; 0x01
    13bc:	60 83       	st	Z, r22
	servo->pin = pin;
    13be:	42 83       	std	Z+2, r20	; 0x02
	servo->target_pulse_ticks = 1088; // Reposo
    13c0:	80 e4       	ldi	r24, 0x40	; 64
    13c2:	94 e0       	ldi	r25, 0x04	; 4
    13c4:	94 83       	std	Z+4, r25	; 0x04
    13c6:	83 83       	std	Z+3, r24	; 0x03

	*(servo->port) &= ~(1 << servo->pin); // Forzar LOW
    13c8:	db 01       	movw	r26, r22
    13ca:	8c 91       	ld	r24, X
    13cc:	21 e0       	ldi	r18, 0x01	; 1
    13ce:	30 e0       	ldi	r19, 0x00	; 0
    13d0:	02 c0       	rjmp	.+4      	; 0x13d6 <SG90_Init+0x1e>
    13d2:	22 0f       	add	r18, r18
    13d4:	33 1f       	adc	r19, r19
    13d6:	4a 95       	dec	r20
    13d8:	e2 f7       	brpl	.-8      	; 0x13d2 <SG90_Init+0x1a>
    13da:	20 95       	com	r18
    13dc:	28 23       	and	r18, r24
    13de:	2c 93       	st	X, r18

	if (servo_count < MAX_SERVOS) {
    13e0:	80 91 16 02 	lds	r24, 0x0216	; 0x800216 <servo_count>
    13e4:	83 30       	cpi	r24, 0x03	; 3
    13e6:	58 f4       	brcc	.+22     	; 0x13fe <SG90_Init+0x46>
		servo_array[servo_count] = servo;
    13e8:	a8 2f       	mov	r26, r24
    13ea:	b0 e0       	ldi	r27, 0x00	; 0
    13ec:	aa 0f       	add	r26, r26
    13ee:	bb 1f       	adc	r27, r27
    13f0:	a9 5e       	subi	r26, 0xE9	; 233
    13f2:	bd 4f       	sbci	r27, 0xFD	; 253
    13f4:	ed 93       	st	X+, r30
    13f6:	fc 93       	st	X, r31
		servo_count++;
    13f8:	8f 5f       	subi	r24, 0xFF	; 255
    13fa:	80 93 16 02 	sts	0x0216, r24	; 0x800216 <servo_count>
	}

	// Si es el primer servo inicializado, encendemos el motor de interrupciones
	if (servo_count == 1) {
    13fe:	80 91 16 02 	lds	r24, 0x0216	; 0x800216 <servo_count>
    1402:	81 30       	cpi	r24, 0x01	; 1
    1404:	79 f4       	brne	.+30     	; 0x1424 <SG90_Init+0x6c>
		TIMSK1 |= (1 << OCIE1A); // Habilitar ISR de Comparación A en Timer1
    1406:	ef e6       	ldi	r30, 0x6F	; 111
    1408:	f0 e0       	ldi	r31, 0x00	; 0
    140a:	80 81       	ld	r24, Z
    140c:	82 60       	ori	r24, 0x02	; 2
    140e:	80 83       	st	Z, r24
		OCR1A = TCNT1 + 100;     // Disparar la primera interrupción en 50µs
    1410:	80 91 84 00 	lds	r24, 0x0084	; 0x800084 <__TEXT_REGION_LENGTH__+0x7f8084>
    1414:	90 91 85 00 	lds	r25, 0x0085	; 0x800085 <__TEXT_REGION_LENGTH__+0x7f8085>
    1418:	8c 59       	subi	r24, 0x9C	; 156
    141a:	9f 4f       	sbci	r25, 0xFF	; 255
    141c:	90 93 89 00 	sts	0x0089, r25	; 0x800089 <__TEXT_REGION_LENGTH__+0x7f8089>
    1420:	80 93 88 00 	sts	0x0088, r24	; 0x800088 <__TEXT_REGION_LENGTH__+0x7f8088>
    1424:	08 95       	ret

00001426 <SG90_SetAngle>:
	}
}

void SG90_SetAngle(SG90_t *servo, uint8_t angle) {
    1426:	cf 93       	push	r28
    1428:	df 93       	push	r29
    142a:	ec 01       	movw	r28, r24
	if (angle > 180) angle = 180;
    142c:	65 3b       	cpi	r22, 0xB5	; 181
    142e:	08 f0       	brcs	.+2      	; 0x1432 <SG90_SetAngle+0xc>
    1430:	64 eb       	ldi	r22, 0xB4	; 180
	servo->target_pulse_ticks = 1088 + (((uint32_t)angle * 3712UL) / 180UL);
    1432:	26 2f       	mov	r18, r22
    1434:	30 e0       	ldi	r19, 0x00	; 0
    1436:	a0 e8       	ldi	r26, 0x80	; 128
    1438:	be e0       	ldi	r27, 0x0E	; 14
    143a:	0e 94 00 0b 	call	0x1600	; 0x1600 <__umulhisi3>
    143e:	24 eb       	ldi	r18, 0xB4	; 180
    1440:	30 e0       	ldi	r19, 0x00	; 0
    1442:	40 e0       	ldi	r20, 0x00	; 0
    1444:	50 e0       	ldi	r21, 0x00	; 0
    1446:	0e 94 d8 0a 	call	0x15b0	; 0x15b0 <__udivmodsi4>
    144a:	20 5c       	subi	r18, 0xC0	; 192
    144c:	3b 4f       	sbci	r19, 0xFB	; 251
    144e:	3c 83       	std	Y+4, r19	; 0x04
    1450:	2b 83       	std	Y+3, r18	; 0x03
}
    1452:	df 91       	pop	r29
    1454:	cf 91       	pop	r28
    1456:	08 95       	ret

00001458 <__vector_11>:

/* --- MOTOR DE PWM MULTIPLEXADO --- */
ISR(TIMER1_COMPA_vect){
    1458:	1f 92       	push	r1
    145a:	0f 92       	push	r0
    145c:	0f b6       	in	r0, 0x3f	; 63
    145e:	0f 92       	push	r0
    1460:	11 24       	eor	r1, r1
    1462:	2f 93       	push	r18
    1464:	3f 93       	push	r19
    1466:	4f 93       	push	r20
    1468:	5f 93       	push	r21
    146a:	8f 93       	push	r24
    146c:	9f 93       	push	r25
    146e:	af 93       	push	r26
    1470:	bf 93       	push	r27
    1472:	ef 93       	push	r30
    1474:	ff 93       	push	r31
	// cycle_ticks: Acumulador de tiempo. Registra cuántos "ticks" (pasos de 0.5us)
	// se van consumiendo para poder calcular el tiempo de espera final y lograr los 20ms exactos.
	static uint16_t cycle_ticks = 0;

	// Verificación de seguridad. Si el puntero o el arreglo están vacíos, aborta para evitar un Hard Fault.
	if (servo_count == 0) return;
    1476:	80 91 16 02 	lds	r24, 0x0216	; 0x800216 <servo_count>
    147a:	88 23       	and	r24, r24
    147c:	09 f4       	brne	.+2      	; 0x1480 <__vector_11+0x28>
    147e:	89 c0       	rjmp	.+274    	; 0x1592 <__vector_11+0x13a>

	// Mapeo de estado a índice de motor. Como cada servo usa 2 estados (uno para ON y otro para OFF),
	// la división entera determina el índice. (Ej: estados 0 y 1 / 2 = Servo 0).
	uint8_t servo_idx = isr_state / 2;
    1480:	20 91 15 02 	lds	r18, 0x0215	; 0x800215 <isr_state.1629>
    1484:	e2 2f       	mov	r30, r18
    1486:	e6 95       	lsr	r30

	// Condición principal: ¿Aún quedan servos por pulsar?
	// Para 3 servos, servo_count * 2 = 6. Procesará los estados del 0 al 5 aquí adentro.
	if (isr_state < (servo_count * 2)) {
    1488:	42 2f       	mov	r20, r18
    148a:	50 e0       	ldi	r21, 0x00	; 0
    148c:	90 e0       	ldi	r25, 0x00	; 0
    148e:	88 0f       	add	r24, r24
    1490:	99 1f       	adc	r25, r25
    1492:	48 17       	cp	r20, r24
    1494:	59 07       	cpc	r21, r25
    1496:	0c f0       	brlt	.+2      	; 0x149a <__vector_11+0x42>
    1498:	5b c0       	rjmp	.+182    	; 0x1550 <__vector_11+0xf8>
		
		// Operación bit a bit (AND 0x01). Evalúa el Bit 0 del número. Si es 0, el estado es PAR.
		// Los estados PARES (0, 2, 4) inician el PWM de cada motor.
		if ((isr_state & 0x01) == 0) {
    149a:	20 fd       	sbrc	r18, 0
    149c:	2a c0       	rjmp	.+84     	; 0x14f2 <__vector_11+0x9a>
			
			// ESTADO PAR: Encender Pin
			// Operación lógica OR absoluta a nivel de bits. Fija el pin correspondiente en ALTO (1).
			*(servo_array[servo_idx]->port) |= (1 << servo_array[servo_idx]->pin);
    149e:	f0 e0       	ldi	r31, 0x00	; 0
    14a0:	ee 0f       	add	r30, r30
    14a2:	ff 1f       	adc	r31, r31
    14a4:	e9 5e       	subi	r30, 0xE9	; 233
    14a6:	fd 4f       	sbci	r31, 0xFD	; 253
    14a8:	01 90       	ld	r0, Z+
    14aa:	f0 81       	ld	r31, Z
    14ac:	e0 2d       	mov	r30, r0
    14ae:	a0 81       	ld	r26, Z
    14b0:	b1 81       	ldd	r27, Z+1	; 0x01
    14b2:	2c 91       	ld	r18, X
    14b4:	81 e0       	ldi	r24, 0x01	; 1
    14b6:	90 e0       	ldi	r25, 0x00	; 0
    14b8:	02 80       	ldd	r0, Z+2	; 0x02
    14ba:	02 c0       	rjmp	.+4      	; 0x14c0 <__vector_11+0x68>
    14bc:	88 0f       	add	r24, r24
    14be:	99 1f       	adc	r25, r25
    14c0:	0a 94       	dec	r0
    14c2:	e2 f7       	brpl	.-8      	; 0x14bc <__vector_11+0x64>
    14c4:	82 2b       	or	r24, r18
    14c6:	8c 93       	st	X, r24
			
			// Lee el ancho de pulso requerido (ej: 3000 ticks para 1.5ms) según el ángulo configurado.
			uint16_t ticks = servo_array[servo_idx]->target_pulse_ticks;
    14c8:	83 81       	ldd	r24, Z+3	; 0x03
    14ca:	94 81       	ldd	r25, Z+4	; 0x04
			
			// Programación de hardware (Timer 1 Modo Normal): Suma el ancho de pulso al registro comparador.
			// Esto le indica al silicio que vuelva a disparar esta ISR *exactamente* cuando el pulso deba terminar.
			OCR1A += ticks;
    14cc:	e8 e8       	ldi	r30, 0x88	; 136
    14ce:	f0 e0       	ldi	r31, 0x00	; 0
    14d0:	20 81       	ld	r18, Z
    14d2:	31 81       	ldd	r19, Z+1	; 0x01
    14d4:	28 0f       	add	r18, r24
    14d6:	39 1f       	adc	r19, r25
    14d8:	31 83       	std	Z+1, r19	; 0x01
    14da:	20 83       	st	Z, r18
			
			// Contabiliza el tiempo gastado en el acumulador del ciclo.
			cycle_ticks += ticks;
    14dc:	20 91 13 02 	lds	r18, 0x0213	; 0x800213 <cycle_ticks.1630>
    14e0:	30 91 14 02 	lds	r19, 0x0214	; 0x800214 <cycle_ticks.1630+0x1>
    14e4:	82 0f       	add	r24, r18
    14e6:	93 1f       	adc	r25, r19
    14e8:	90 93 14 02 	sts	0x0214, r25	; 0x800214 <cycle_ticks.1630+0x1>
    14ec:	80 93 13 02 	sts	0x0213, r24	; 0x800213 <cycle_ticks.1630>
    14f0:	29 c0       	rjmp	.+82     	; 0x1544 <__vector_11+0xec>
			
			} else {
			// ESTADO IMPAR: Apagar Pin (estados 1, 3, 5)
			// Operación lógica AND-NOT absoluta a nivel de bits. Fija el pin en BAJO (0), terminando el pulso.
			*(servo_array[servo_idx]->port) &= ~(1 << servo_array[servo_idx]->pin);
    14f2:	f0 e0       	ldi	r31, 0x00	; 0
    14f4:	ee 0f       	add	r30, r30
    14f6:	ff 1f       	adc	r31, r31
    14f8:	e9 5e       	subi	r30, 0xE9	; 233
    14fa:	fd 4f       	sbci	r31, 0xFD	; 253
    14fc:	a0 81       	ld	r26, Z
    14fe:	b1 81       	ldd	r27, Z+1	; 0x01
    1500:	ed 91       	ld	r30, X+
    1502:	fc 91       	ld	r31, X
    1504:	11 97       	sbiw	r26, 0x01	; 1
    1506:	20 81       	ld	r18, Z
    1508:	81 e0       	ldi	r24, 0x01	; 1
    150a:	90 e0       	ldi	r25, 0x00	; 0
    150c:	12 96       	adiw	r26, 0x02	; 2
    150e:	0c 90       	ld	r0, X
    1510:	02 c0       	rjmp	.+4      	; 0x1516 <__vector_11+0xbe>
    1512:	88 0f       	add	r24, r24
    1514:	99 1f       	adc	r25, r25
    1516:	0a 94       	dec	r0
    1518:	e2 f7       	brpl	.-8      	; 0x1512 <__vector_11+0xba>
    151a:	80 95       	com	r24
    151c:	82 23       	and	r24, r18
    151e:	80 83       	st	Z, r24
			
			// Dead Time (Tiempo Muerto). Suma 100 ticks (50us) al comparador.
			// Retrasa el encendido del siguiente servo para evitar solapamientos y picos de corriente inductiva en la fuente.
			OCR1A += 100;
    1520:	e8 e8       	ldi	r30, 0x88	; 136
    1522:	f0 e0       	ldi	r31, 0x00	; 0
    1524:	80 81       	ld	r24, Z
    1526:	91 81       	ldd	r25, Z+1	; 0x01
    1528:	8c 59       	subi	r24, 0x9C	; 156
    152a:	9f 4f       	sbci	r25, 0xFF	; 255
    152c:	91 83       	std	Z+1, r25	; 0x01
    152e:	80 83       	st	Z, r24
			
			// Contabiliza el tiempo muerto.
			cycle_ticks += 100;
    1530:	80 91 13 02 	lds	r24, 0x0213	; 0x800213 <cycle_ticks.1630>
    1534:	90 91 14 02 	lds	r25, 0x0214	; 0x800214 <cycle_ticks.1630+0x1>
    1538:	8c 59       	subi	r24, 0x9C	; 156
    153a:	9f 4f       	sbci	r25, 0xFF	; 255
    153c:	90 93 14 02 	sts	0x0214, r25	; 0x800214 <cycle_ticks.1630+0x1>
    1540:	80 93 13 02 	sts	0x0213, r24	; 0x800213 <cycle_ticks.1630>
		}
		// Avanza la FSM al siguiente paso lógico.
		isr_state++;
    1544:	80 91 15 02 	lds	r24, 0x0215	; 0x800215 <isr_state.1629>
    1548:	8f 5f       	subi	r24, 0xFF	; 255
    154a:	80 93 15 02 	sts	0x0215, r24	; 0x800215 <isr_state.1629>
    154e:	21 c0       	rjmp	.+66     	; 0x1592 <__vector_11+0x13a>
		} else {
		// ESTADO DE ESPERA (Sincronización del Período de 50Hz)
		// Ya se enviaron los pulsos a todos los servos. Ahora el microcontrolador debe esperar
		// sin hacer nada hasta completar la ventana obligatoria de 20ms (CYCLE_TICKS = 40000 ticks).
		
		if (cycle_ticks < CYCLE_TICKS) {
    1550:	20 91 13 02 	lds	r18, 0x0213	; 0x800213 <cycle_ticks.1630>
    1554:	30 91 14 02 	lds	r19, 0x0214	; 0x800214 <cycle_ticks.1630+0x1>
    1558:	20 34       	cpi	r18, 0x40	; 64
    155a:	8c e9       	ldi	r24, 0x9C	; 156
    155c:	38 07       	cpc	r19, r24
    155e:	58 f4       	brcc	.+22     	; 0x1576 <__vector_11+0x11e>
			// Calcula el tiempo remanente (20ms - tiempo gastado en pulsos) y programa el salto final del Timer.
			// Esto garantiza un periodo de repetición matemáticamente perfecto de 50Hz.
			OCR1A += (CYCLE_TICKS - cycle_ticks);
    1560:	e8 e8       	ldi	r30, 0x88	; 136
    1562:	f0 e0       	ldi	r31, 0x00	; 0
    1564:	80 81       	ld	r24, Z
    1566:	91 81       	ldd	r25, Z+1	; 0x01
    1568:	82 1b       	sub	r24, r18
    156a:	93 0b       	sbc	r25, r19
    156c:	80 5c       	subi	r24, 0xC0	; 192
    156e:	93 46       	sbci	r25, 0x63	; 99
    1570:	91 83       	std	Z+1, r25	; 0x01
    1572:	80 83       	st	Z, r24
    1574:	08 c0       	rjmp	.+16     	; 0x1586 <__vector_11+0x12e>
			} else {
			// Failsafe: Si por una anomalía aritmética el tiempo acumulado superó los 20ms,
			// fuerza una interrupción inmediata corta (50us) para no desbordar y bloquear el sistema.
			OCR1A += 100;
    1576:	e8 e8       	ldi	r30, 0x88	; 136
    1578:	f0 e0       	ldi	r31, 0x00	; 0
    157a:	80 81       	ld	r24, Z
    157c:	91 81       	ldd	r25, Z+1	; 0x01
    157e:	8c 59       	subi	r24, 0x9C	; 156
    1580:	9f 4f       	sbci	r25, 0xFF	; 255
    1582:	91 83       	std	Z+1, r25	; 0x01
    1584:	80 83       	st	Z, r24
		}
		
		// Resetea la FSM y el acumulador para iniciar un nuevo marco de 20ms comenzando desde el Servo 0.
		isr_state = 0;
    1586:	10 92 15 02 	sts	0x0215, r1	; 0x800215 <isr_state.1629>
		cycle_ticks = 0;
    158a:	10 92 14 02 	sts	0x0214, r1	; 0x800214 <cycle_ticks.1630+0x1>
    158e:	10 92 13 02 	sts	0x0213, r1	; 0x800213 <cycle_ticks.1630>
	}
    1592:	ff 91       	pop	r31
    1594:	ef 91       	pop	r30
    1596:	bf 91       	pop	r27
    1598:	af 91       	pop	r26
    159a:	9f 91       	pop	r25
    159c:	8f 91       	pop	r24
    159e:	5f 91       	pop	r21
    15a0:	4f 91       	pop	r20
    15a2:	3f 91       	pop	r19
    15a4:	2f 91       	pop	r18
    15a6:	0f 90       	pop	r0
    15a8:	0f be       	out	0x3f, r0	; 63
    15aa:	0f 90       	pop	r0
    15ac:	1f 90       	pop	r1
    15ae:	18 95       	reti

000015b0 <__udivmodsi4>:
    15b0:	a1 e2       	ldi	r26, 0x21	; 33
    15b2:	1a 2e       	mov	r1, r26
    15b4:	aa 1b       	sub	r26, r26
    15b6:	bb 1b       	sub	r27, r27
    15b8:	fd 01       	movw	r30, r26
    15ba:	0d c0       	rjmp	.+26     	; 0x15d6 <__udivmodsi4_ep>

000015bc <__udivmodsi4_loop>:
    15bc:	aa 1f       	adc	r26, r26
    15be:	bb 1f       	adc	r27, r27
    15c0:	ee 1f       	adc	r30, r30
    15c2:	ff 1f       	adc	r31, r31
    15c4:	a2 17       	cp	r26, r18
    15c6:	b3 07       	cpc	r27, r19
    15c8:	e4 07       	cpc	r30, r20
    15ca:	f5 07       	cpc	r31, r21
    15cc:	20 f0       	brcs	.+8      	; 0x15d6 <__udivmodsi4_ep>
    15ce:	a2 1b       	sub	r26, r18
    15d0:	b3 0b       	sbc	r27, r19
    15d2:	e4 0b       	sbc	r30, r20
    15d4:	f5 0b       	sbc	r31, r21

000015d6 <__udivmodsi4_ep>:
    15d6:	66 1f       	adc	r22, r22
    15d8:	77 1f       	adc	r23, r23
    15da:	88 1f       	adc	r24, r24
    15dc:	99 1f       	adc	r25, r25
    15de:	1a 94       	dec	r1
    15e0:	69 f7       	brne	.-38     	; 0x15bc <__udivmodsi4_loop>
    15e2:	60 95       	com	r22
    15e4:	70 95       	com	r23
    15e6:	80 95       	com	r24
    15e8:	90 95       	com	r25
    15ea:	9b 01       	movw	r18, r22
    15ec:	ac 01       	movw	r20, r24
    15ee:	bd 01       	movw	r22, r26
    15f0:	cf 01       	movw	r24, r30
    15f2:	08 95       	ret

000015f4 <__tablejump2__>:
    15f4:	ee 0f       	add	r30, r30
    15f6:	ff 1f       	adc	r31, r31
    15f8:	05 90       	lpm	r0, Z+
    15fa:	f4 91       	lpm	r31, Z
    15fc:	e0 2d       	mov	r30, r0
    15fe:	09 94       	ijmp

00001600 <__umulhisi3>:
    1600:	a2 9f       	mul	r26, r18
    1602:	b0 01       	movw	r22, r0
    1604:	b3 9f       	mul	r27, r19
    1606:	c0 01       	movw	r24, r0
    1608:	a3 9f       	mul	r26, r19
    160a:	70 0d       	add	r23, r0
    160c:	81 1d       	adc	r24, r1
    160e:	11 24       	eor	r1, r1
    1610:	91 1d       	adc	r25, r1
    1612:	b2 9f       	mul	r27, r18
    1614:	70 0d       	add	r23, r0
    1616:	81 1d       	adc	r24, r1
    1618:	11 24       	eor	r1, r1
    161a:	91 1d       	adc	r25, r1
    161c:	08 95       	ret

0000161e <_exit>:
    161e:	f8 94       	cli

00001620 <__stop_program>:
    1620:	ff cf       	rjmp	.-2      	; 0x1620 <__stop_program>
